分析項目,都市,データ数,1月価格_円,12月価格_円,1月から12月の変化額_円,1か月あたりの変化額_円,年間換算の変化額_円,決定係数
2021ビール,さいたま市,12.0,1092.0,1141.0,49.0,6.98,76.77,0.62
2021ビール,京都市,12.0,1120.0,1169.0,49.0,6.59,72.5,0.38
2021ビール,今治市,12.0,1102.0,1145.0,43.0,6.08,66.92,0.43
2021ビール,仙台市,12.0,1100.0,1141.0,41.0,3.89,42.77,0.34
2021ビール,伊丹市,12.0,1127.0,1234.0,107.0,7.2,79.15,0.61
2021ビール,佐世保市,12.0,1168.0,1239.0,71.0,7.44,81.81,0.69
2021ビール,佐賀市,12.0,1149.0,1211.0,62.0,6.12,67.27,0.64
2021ビール,八戸市,12.0,1164.0,1208.0,44.0,6.3,69.31,0.72
2021ビール,八王子市,12.0,1152.0,1211.0,59.0,5.27,57.96,0.19
2021ビール,函館市,12.0,1098.0,1153.0,55.0,5.52,60.77,0.66
2021ビール,前橋市,12.0,1175.0,1131.0,-44.0,-5.62,-61.85,0.3
2021ビール,北九州市,12.0,1121.0,1179.0,58.0,5.39,59.31,0.4
2021ビール,千葉市,12.0,1136.0,1182.0,46.0,2.83,31.15,0.1
2021ビール,名古屋市,12.0,1092.0,1121.0,29.0,2.93,32.19,0.08
2021ビール,和歌山市,12.0,1201.0,1190.0,-11.0,6.02,66.23,0.14
2021ビール,堺市,12.0,1178.0,1195.0,17.0,1.87,20.54,0.11
2021ビール,大分市,12.0,1131.0,1178.0,47.0,4.64,51.0,0.4
2021ビール,大津市,12.0,1097.0,1141.0,44.0,5.56,61.12,0.58
2021ビール,大阪市,12.0,1224.0,1198.0,-26.0,-0.76,-8.35,0.02
2021ビール,奈良市,12.0,1123.0,1128.0,5.0,3.02,33.23,0.17
2021ビール,姫路市,12.0,1127.0,1157.0,30.0,4.07,44.73,0.29
2021ビール,宇部市,12.0,1138.0,1193.0,55.0,4.57,50.31,0.45
2021ビール,宇都宮市,12.0,1119.0,1156.0,37.0,3.45,37.92,0.31
2021ビール,宮崎市,12.0,1164.0,1248.0,84.0,7.93,87.23,0.57
2021ビール,富士市,12.0,1087.0,1136.0,49.0,5.53,60.88,0.63
2021ビール,富山市,12.0,1120.0,1168.0,48.0,4.54,49.96,0.13
2021ビール,小山市,12.0,1126.0,1163.0,37.0,3.96,43.58,0.55
2021ビール,山口市,12.0,1197.0,1244.0,47.0,5.36,58.92,0.65
2021ビール,山形市,12.0,1123.0,1156.0,33.0,4.06,44.65,0.43
2021ビール,岐阜市,12.0,1119.0,1140.0,21.0,2.49,27.42,0.11
2021ビール,岡山市,12.0,1138.0,1218.0,80.0,7.29,80.15,0.55
2021ビール,川口市,12.0,1164.0,1119.0,-45.0,0.98,10.77,0.01
2021ビール,川崎市,12.0,1114.0,1144.0,30.0,3.99,43.85,0.32
2021ビール,広島市,12.0,1156.0,1180.0,24.0,5.37,59.04,0.44
2021ビール,府中市,12.0,1090.0,1130.0,40.0,5.15,56.69,0.29
2021ビール,徳島市,12.0,1216.0,1291.0,75.0,8.66,95.31,0.75
2021ビール,所沢市,12.0,1090.0,1138.0,48.0,5.66,62.27,0.39
2021ビール,新潟市,12.0,1097.0,1145.0,48.0,4.28,47.12,0.37
2021ビール,日立市,12.0,1160.0,1222.0,62.0,4.13,45.38,0.4
2021ビール,旭川市,12.0,1123.0,1180.0,57.0,5.65,62.19,0.49
2021ビール,札幌市,12.0,1130.0,1180.0,50.0,5.69,62.62,0.68
2021ビール,東京都区部,12.0,1145.0,1188.0,43.0,4.74,52.15,0.32
2021ビール,東大阪市,12.0,1178.0,1215.0,37.0,1.86,20.5,0.07
2021ビール,松山市,12.0,1090.0,1156.0,66.0,4.37,48.08,0.21
2021ビール,松本市,12.0,1081.0,1165.0,84.0,7.2,79.19,0.51
2021ビール,松江市,12.0,1132.0,1195.0,63.0,5.18,57.0,0.4
2021ビール,松阪市,12.0,1097.0,1145.0,48.0,3.2,35.15,0.09
2021ビール,枚方市,12.0,1153.0,1138.0,-15.0,1.72,18.96,0.06
2021ビール,柏市,12.0,1126.0,1123.0,-3.0,2.71,29.85,0.11
2021ビール,横浜市,12.0,1103.0,1176.0,73.0,7.4,81.35,0.54
2021ビール,水戸市,12.0,1119.0,1137.0,18.0,2.08,22.92,0.27
2021ビール,津市,12.0,1115.0,1200.0,85.0,7.2,79.19,0.7
2021ビール,浜松市,12.0,1105.0,1126.0,21.0,1.94,21.31,0.06
2021ビール,浦安市,12.0,1098.0,1138.0,40.0,5.17,56.92,0.54
2021ビール,熊本市,12.0,1175.0,1208.0,33.0,1.71,18.85,0.08
2021ビール,熊谷市,12.0,1066.0,1121.0,55.0,7.65,84.19,0.42
2021ビール,甲府市,12.0,1135.0,1201.0,66.0,6.07,66.73,0.53
2021ビール,盛岡市,12.0,1116.0,1174.0,58.0,6.61,72.69,0.54
2021ビール,相模原市,12.0,1119.0,1141.0,22.0,2.66,29.23,0.12
2021ビール,神戸市,12.0,1185.0,1222.0,37.0,1.41,15.5,0.04
2021ビール,福井市,12.0,1098.0,1161.0,63.0,6.37,70.04,0.27
2021ビール,福山市,12.0,1150.0,1187.0,37.0,2.78,30.62,0.09
2021ビール,福岡市,12.0,1109.0,1183.0,74.0,8.46,93.08,0.59
2021ビール,福島市,12.0,1097.0,1137.0,40.0,5.73,63.08,0.39
2021ビール,秋田市,12.0,1119.0,1171.0,52.0,5.43,59.73,0.49
2021ビール,立川市,12.0,1152.0,1164.0,12.0,1.64,18.0,0.04
2021ビール,藤沢市,12.0,1116.0,1149.0,33.0,0.87,9.54,0.01
2021ビール,西宮市,12.0,1159.0,1255.0,96.0,5.62,61.85,0.51
2021ビール,豊橋市,12.0,1143.0,1164.0,21.0,4.41,48.46,0.34
2021ビール,那覇市,12.0,1139.0,1203.0,64.0,6.2,68.19,0.45
2021ビール,郡山市,12.0,1093.0,1134.0,41.0,3.93,43.19,0.29
2021ビール,金沢市,12.0,1098.0,1138.0,40.0,5.8,63.77,0.65
2021ビール,長岡市,12.0,1097.0,1206.0,109.0,6.67,73.42,0.52
2021ビール,長崎市,12.0,1157.0,1245.0,88.0,7.81,85.96,0.55
2021ビール,長野市,12.0,1132.0,1165.0,33.0,2.73,30.08,0.15
2021ビール,青森市,12.0,1108.0,1178.0,70.0,7.76,85.31,0.57
2021ビール,静岡市,12.0,1170.0,1190.0,20.0,1.71,18.85,0.09
2021ビール,高松市,12.0,1120.0,1153.0,33.0,1.63,17.96,0.03
2021ビール,高知市,12.0,1127.0,1174.0,47.0,4.67,51.42,0.3
2021ビール,鳥取市,12.0,1134.0,1166.0,32.0,5.28,58.08,0.33
2021ビール,鹿児島市,12.0,1093.0,1141.0,48.0,5.58,61.35,0.56
2026発泡酒,さいたま市,12.0,921.0,960.0,39.0,5.62,61.81,0.53
2026発泡酒,京都市,12.0,909.0,1002.0,93.0,9.55,105.04,0.59
2026発泡酒,今治市,12.0,881.0,966.0,85.0,7.51,82.62,0.41
2026発泡酒,仙台市,12.0,902.0,959.0,57.0,5.51,60.65,0.53
2026発泡酒,伊丹市,12.0,917.0,1010.0,93.0,7.84,86.23,0.68
2026発泡酒,佐世保市,12.0,915.0,985.0,70.0,7.06,77.69,0.66
2026発泡酒,佐賀市,12.0,940.0,1006.0,66.0,6.23,68.54,0.7
2026発泡酒,八戸市,12.0,902.0,974.0,72.0,8.4,92.42,0.82
2026発泡酒,八王子市,12.0,943.0,989.0,46.0,4.45,48.92,0.18
2026発泡酒,函館市,12.0,903.0,948.0,45.0,5.07,55.77,0.59
2026発泡酒,前橋市,12.0,910.0,929.0,19.0,0.8,8.77,0.01
2026発泡酒,北九州市,12.0,900.0,950.0,50.0,6.2,68.15,0.66
2026発泡酒,千葉市,12.0,905.0,969.0,64.0,6.06,66.62,0.44
2026発泡酒,名古屋市,12.0,887.0,929.0,42.0,4.34,47.69,0.38
2026発泡酒,和歌山市,12.0,959.0,1051.0,92.0,9.02,99.23,0.41
2026発泡酒,堺市,12.0,910.0,958.0,48.0,3.24,35.62,0.21
2026発泡酒,大分市,12.0,900.0,955.0,55.0,5.69,62.62,0.71
2026発泡酒,大津市,12.0,877.0,973.0,96.0,6.76,74.35,0.31
2026発泡酒,大阪市,12.0,963.0,1000.0,37.0,6.39,70.27,0.59
2026発泡酒,奈良市,12.0,910.0,972.0,62.0,5.88,64.65,0.55
2026発泡酒,姫路市,12.0,896.0,965.0,69.0,6.59,72.54,0.55
2026発泡酒,宇部市,12.0,911.0,969.0,58.0,6.51,71.62,0.58
2026発泡酒,宇都宮市,12.0,896.0,940.0,44.0,5.35,58.85,0.4
2026発泡酒,宮崎市,12.0,915.0,988.0,73.0,6.89,75.81,0.57
2026発泡酒,富士市,12.0,883.0,964.0,81.0,7.57,83.23,0.7
2026発泡酒,富山市,12.0,928.0,1010.0,82.0,6.11,67.23,0.43
2026発泡酒,小山市,12.0,910.0,942.0,32.0,4.39,48.31,0.44
2026発泡酒,山口市,12.0,966.0,1024.0,58.0,6.71,73.85,0.8
2026発泡酒,山形市,12.0,925.0,992.0,67.0,3.28,36.04,0.1
2026発泡酒,岐阜市,12.0,896.0,951.0,55.0,4.68,51.5,0.38
2026発泡酒,岡山市,12.0,933.0,958.0,25.0,3.3,36.35,0.36
2026発泡酒,川口市,12.0,933.0,948.0,15.0,3.21,35.31,0.18
2026発泡酒,川崎市,12.0,913.0,962.0,49.0,5.62,61.81,0.49
2026発泡酒,広島市,12.0,904.0,937.0,33.0,3.78,41.58,0.38
2026発泡酒,府中市,12.0,932.0,943.0,11.0,0.92,10.15,0.02
2026発泡酒,徳島市,12.0,978.0,1063.0,85.0,9.87,108.54,0.76
2026発泡酒,所沢市,12.0,918.0,988.0,70.0,7.27,79.92,0.53
2026発泡酒,新潟市,12.0,895.0,958.0,63.0,5.49,60.35,0.59
2026発泡酒,日立市,12.0,914.0,977.0,63.0,5.87,64.54,0.35
2026発泡酒,旭川市,12.0,926.0,960.0,34.0,3.17,34.88,0.46
2026発泡酒,札幌市,12.0,916.0,963.0,47.0,4.61,50.73,0.59
2026発泡酒,東京都区部,12.0,926.0,993.0,67.0,6.85,75.31,0.56
2026発泡酒,東大阪市,12.0,915.0,984.0,69.0,8.2,90.19,0.65
2026発泡酒,松山市,12.0,873.0,936.0,63.0,7.57,83.23,0.39
2026発泡酒,松本市,12.0,894.0,947.0,53.0,5.7,62.65,0.55
2026発泡酒,松江市,12.0,944.0,1013.0,69.0,6.05,66.54,0.68
2026発泡酒,松阪市,12.0,877.0,958.0,81.0,6.54,71.92,0.36
2026発泡酒,枚方市,12.0,900.0,991.0,91.0,7.92,87.08,0.73
2026発泡酒,柏市,12.0,883.0,931.0,48.0,5.29,58.19,0.39
2026発泡酒,横浜市,12.0,904.0,984.0,80.0,8.12,89.27,0.5
2026発泡酒,水戸市,12.0,865.0,921.0,56.0,5.32,58.54,0.48
2026発泡酒,津市,12.0,947.0,1024.0,77.0,7.03,77.38,0.6
2026発泡酒,浜松市,12.0,911.0,955.0,44.0,5.01,55.08,0.42
2026発泡酒,浦安市,12.0,918.0,976.0,58.0,9.21,101.31,0.55
2026発泡酒,熊本市,12.0,968.0,1021.0,53.0,5.13,56.38,0.85
2026発泡酒,熊谷市,12.0,945.0,989.0,44.0,4.15,45.69,0.57
2026発泡酒,甲府市,12.0,922.0,981.0,59.0,6.42,70.62,0.59
2026発泡酒,盛岡市,12.0,919.0,972.0,53.0,6.01,66.08,0.58
2026発泡酒,相模原市,12.0,906.0,954.0,48.0,4.98,54.77,0.34
2026発泡酒,神戸市,12.0,924.0,965.0,41.0,5.55,61.04,0.58
2026発泡酒,福井市,12.0,903.0,963.0,60.0,4.25,46.77,0.26
2026発泡酒,福山市,12.0,914.0,995.0,81.0,7.21,79.31,0.5
2026発泡酒,福岡市,12.0,889.0,969.0,80.0,6.91,76.04,0.45
2026発泡酒,福島市,12.0,899.0,953.0,54.0,5.12,56.35,0.5
2026発泡酒,秋田市,12.0,919.0,984.0,65.0,6.58,72.35,0.69
2026発泡酒,立川市,12.0,953.0,999.0,46.0,3.87,42.62,0.25
2026発泡酒,藤沢市,12.0,907.0,940.0,33.0,1.31,14.38,0.02
2026発泡酒,西宮市,12.0,935.0,1031.0,96.0,8.97,98.69,0.79
2026発泡酒,豊橋市,12.0,914.0,966.0,52.0,5.73,63.08,0.35
2026発泡酒,那覇市,12.0,939.0,1020.0,81.0,6.88,75.65,0.59
2026発泡酒,郡山市,12.0,910.0,972.0,62.0,5.54,60.92,0.53
2026発泡酒,金沢市,12.0,911.0,959.0,48.0,4.93,54.19,0.44
2026発泡酒,長岡市,12.0,896.0,940.0,44.0,4.3,47.27,0.35
2026発泡酒,長崎市,12.0,915.0,985.0,70.0,6.65,73.12,0.59
2026発泡酒,長野市,12.0,919.0,985.0,66.0,6.15,67.62,0.52
2026発泡酒,青森市,12.0,914.0,964.0,50.0,6.4,70.38,0.6
2026発泡酒,静岡市,12.0,914.0,975.0,61.0,6.24,68.65,0.61
2026発泡酒,高松市,12.0,859.0,922.0,63.0,8.06,88.69,0.3
2026発泡酒,高知市,12.0,899.0,965.0,66.0,7.14,78.5,0.51
2026発泡酒,鳥取市,12.0,936.0,997.0,61.0,6.41,70.46,0.69
2026発泡酒,鹿児島市,12.0,858.0,912.0,54.0,5.37,59.04,0.52
2027ビール風アルコール飲料,さいたま市,12.0,859.0,902.0,43.0,5.97,65.69,0.55
2027ビール風アルコール飲料,京都市,12.0,874.0,896.0,22.0,6.08,66.92,0.29
2027ビール風アルコール飲料,今治市,12.0,849.0,877.0,28.0,3.47,38.19,0.12
2027ビール風アルコール飲料,仙台市,12.0,842.0,877.0,35.0,3.86,42.42,0.26
2027ビール風アルコール飲料,伊丹市,12.0,914.0,896.0,-18.0,1.72,18.92,0.03
2027ビール風アルコール飲料,佐世保市,12.0,893.0,957.0,64.0,6.36,69.92,0.65
2027ビール風アルコール飲料,佐賀市,12.0,906.0,976.0,70.0,6.54,71.96,0.61
2027ビール風アルコール飲料,八戸市,12.0,889.0,1032.0,143.0,10.04,110.42,0.64
2027ビール風アルコール飲料,八王子市,12.0,891.0,947.0,56.0,4.52,49.73,0.18
2027ビール風アルコール飲料,函館市,12.0,852.0,878.0,26.0,1.84,20.19,0.14
2027ビール風アルコール飲料,前橋市,12.0,893.0,882.0,-11.0,-1.96,-21.54,0.07
2027ビール風アルコール飲料,北九州市,12.0,863.0,920.0,57.0,6.34,69.73,0.58
2027ビール風アルコール飲料,千葉市,12.0,874.0,922.0,48.0,4.98,54.73,0.38
2027ビール風アルコール飲料,名古屋市,12.0,831.0,866.0,35.0,3.63,39.96,0.32
2027ビール風アルコール飲料,和歌山市,12.0,878.0,952.0,74.0,7.93,87.19,0.3
2027ビール風アルコール飲料,堺市,12.0,870.0,899.0,29.0,1.95,21.46,0.1
2027ビール風アルコール飲料,大分市,12.0,877.0,929.0,52.0,5.19,57.08,0.49
2027ビール風アルコール飲料,大津市,12.0,877.0,947.0,70.0,7.37,81.08,0.57
2027ビール風アルコール飲料,大阪市,12.0,931.0,931.0,0.0,0.57,6.27,0.01
2027ビール風アルコール飲料,奈良市,12.0,873.0,904.0,31.0,4.03,44.38,0.36
2027ビール風アルコール飲料,姫路市,12.0,895.0,887.0,-8.0,1.73,19.08,0.04
2027ビール風アルコール飲料,宇部市,12.0,932.0,929.0,-3.0,3.37,37.04,0.19
2027ビール風アルコール飲料,宇都宮市,12.0,837.0,885.0,48.0,3.81,41.88,0.39
2027ビール風アルコール飲料,宮崎市,12.0,898.0,981.0,83.0,7.84,86.19,0.57
2027ビール風アルコール飲料,富士市,12.0,832.0,910.0,78.0,6.42,70.62,0.46
2027ビール風アルコール飲料,富山市,12.0,904.0,944.0,40.0,5.18,56.96,0.3
2027ビール風アルコール飲料,小山市,12.0,859.0,892.0,33.0,3.64,40.0,0.46
2027ビール風アルコール飲料,山口市,12.0,940.0,977.0,37.0,4.62,50.81,0.55
2027ビール風アルコール飲料,山形市,12.0,859.0,903.0,44.0,1.16,12.81,0.01
2027ビール風アルコール飲料,岐阜市,12.0,859.0,885.0,26.0,2.2,24.15,0.15
2027ビール風アルコール飲料,岡山市,12.0,888.0,936.0,48.0,5.09,56.0,0.36
2027ビール風アルコール飲料,川口市,12.0,885.0,908.0,23.0,2.36,25.96,0.14
2027ビール風アルコール飲料,川崎市,12.0,864.0,905.0,41.0,4.45,48.92,0.44
2027ビール風アルコール飲料,広島市,12.0,908.0,960.0,52.0,5.75,63.27,0.62
2027ビール風アルコール飲料,府中市,12.0,877.0,877.0,0.0,1.08,11.85,0.03
2027ビール風アルコール飲料,徳島市,12.0,957.0,1040.0,83.0,9.57,105.27,0.84
2027ビール風アルコール飲料,所沢市,12.0,849.0,893.0,44.0,3.68,40.5,0.15
2027ビール風アルコール飲料,新潟市,12.0,870.0,917.0,47.0,4.63,50.88,0.41
2027ビール風アルコール飲料,日立市,12.0,897.0,911.0,14.0,2.52,27.73,0.16
2027ビール風アルコール飲料,旭川市,12.0,894.0,924.0,30.0,3.25,35.73,0.29
2027ビール風アルコール飲料,札幌市,12.0,864.0,880.0,16.0,1.57,17.27,0.06
2027ビール風アルコール飲料,東京都区部,12.0,873.0,929.0,56.0,5.6,61.58,0.45
2027ビール風アルコール飲料,東大阪市,12.0,895.0,910.0,15.0,2.21,24.27,0.09
2027ビール風アルコール飲料,松山市,12.0,844.0,899.0,55.0,5.47,60.19,0.34
2027ビール風アルコール飲料,松本市,12.0,858.0,923.0,65.0,6.5,71.5,0.41
2027ビール風アルコール飲料,松江市,12.0,874.0,914.0,40.0,3.08,33.85,0.2
2027ビール風アルコール飲料,松阪市,12.0,855.0,907.0,52.0,3.82,42.0,0.18
2027ビール風アルコール飲料,枚方市,12.0,853.0,878.0,25.0,4.9,53.88,0.31
2027ビール風アルコール飲料,柏市,12.0,847.0,874.0,27.0,2.8,30.81,0.17
2027ビール風アルコール飲料,横浜市,12.0,848.0,913.0,65.0,6.19,68.04,0.29
2027ビール風アルコール飲料,水戸市,12.0,828.0,876.0,48.0,4.91,53.96,0.35
2027ビール風アルコール飲料,津市,12.0,893.0,954.0,61.0,5.97,65.62,0.48
2027ビール風アルコール飲料,浜松市,12.0,841.0,871.0,30.0,3.26,35.88,0.15
2027ビール風アルコール飲料,浦安市,12.0,852.0,922.0,70.0,6.44,70.85,0.43
2027ビール風アルコール飲料,熊本市,12.0,922.0,959.0,37.0,4.11,45.23,0.24
2027ビール風アルコール飲料,熊谷市,12.0,901.0,857.0,-44.0,0.12,1.27,0.0
2027ビール風アルコール飲料,甲府市,12.0,889.0,948.0,59.0,5.35,58.85,0.48
2027ビール風アルコール飲料,盛岡市,12.0,881.0,918.0,37.0,4.64,51.0,0.41
2027ビール風アルコール飲料,相模原市,12.0,859.0,896.0,37.0,4.12,45.31,0.31
2027ビール風アルコール飲料,神戸市,12.0,894.0,939.0,45.0,2.88,31.69,0.21
2027ビール風アルコール飲料,福井市,12.0,885.0,947.0,62.0,5.95,65.46,0.53
2027ビール風アルコール飲料,福山市,12.0,893.0,918.0,25.0,3.34,36.69,0.2
2027ビール風アルコール飲料,福岡市,12.0,849.0,949.0,100.0,7.85,86.31,0.56
2027ビール風アルコール飲料,福島市,12.0,851.0,877.0,26.0,2.48,27.31,0.27
2027ビール風アルコール飲料,秋田市,12.0,882.0,924.0,42.0,5.09,56.04,0.55
2027ビール風アルコール飲料,立川市,12.0,884.0,936.0,52.0,4.66,51.23,0.22
2027ビール風アルコール飲料,藤沢市,12.0,869.0,892.0,23.0,2.45,27.0,0.11
2027ビール風アルコール飲料,西宮市,12.0,928.0,912.0,-16.0,1.43,15.77,0.03
2027ビール風アルコール飲料,豊橋市,12.0,875.0,903.0,28.0,4.57,50.31,0.41
2027ビール風アルコール飲料,那覇市,12.0,923.0,932.0,9.0,3.36,36.96,0.17
2027ビール風アルコール飲料,郡山市,12.0,844.0,878.0,34.0,3.08,33.88,0.17
2027ビール風アルコール飲料,金沢市,12.0,863.0,903.0,40.0,3.9,42.85,0.33
2027ビール風アルコール飲料,長岡市,12.0,848.0,877.0,29.0,2.57,28.23,0.27
2027ビール風アルコール飲料,長崎市,12.0,861.0,926.0,65.0,6.47,71.15,0.65
2027ビール風アルコール飲料,長野市,12.0,871.0,923.0,52.0,4.25,46.77,0.24
2027ビール風アルコール飲料,青森市,12.0,865.0,918.0,53.0,6.14,67.5,0.54
2027ビール風アルコール飲料,静岡市,12.0,899.0,917.0,18.0,0.05,0.5,0.0
2027ビール風アルコール飲料,高松市,12.0,879.0,878.0,-1.0,0.43,4.69,0.0
2027ビール風アルコール飲料,高知市,12.0,874.0,918.0,44.0,4.42,48.58,0.25
2027ビール風アルコール飲料,鳥取市,12.0,887.0,937.0,50.0,5.01,55.12,0.5
2027ビール風アルコール飲料,鹿児島市,12.0,836.0,887.0,51.0,5.56,61.12,0.5
2033ウイスキー,さいたま市,12.0,1695.0,1643.0,-52.0,-4.92,-54.12,0.31
2033ウイスキー,京都市,12.0,1793.0,1733.0,-60.0,-4.4,-48.42,0.76
2033ウイスキー,今治市,12.0,1854.0,1677.0,-177.0,-9.56,-105.12,0.69
2033ウイスキー,仙台市,12.0,1750.0,1692.0,-58.0,-7.08,-77.88,0.84
2033ウイスキー,伊丹市,12.0,1740.0,1736.0,-4.0,-0.52,-5.73,0.29
2033ウイスキー,佐世保市,12.0,1774.0,1726.0,-48.0,-4.51,-49.58,0.94
2033ウイスキー,佐賀市,12.0,1751.0,1768.0,17.0,1.4,15.42,0.45
2033ウイスキー,八戸市,12.0,1738.0,1705.0,-33.0,4.58,50.35,0.02
2033ウイスキー,八王子市,12.0,1738.0,1758.0,20.0,2.76,30.31,0.19
2033ウイスキー,函館市,12.0,1775.0,1679.0,-96.0,-8.32,-91.5,0.85
2033ウイスキー,前橋市,12.0,1726.0,1652.0,-74.0,-6.94,-76.38,0.74
2033ウイスキー,北九州市,12.0,1699.0,1654.0,-45.0,-2.87,-31.62,0.22
2033ウイスキー,千葉市,12.0,1733.0,1715.0,-18.0,-0.01,-0.12,0.0
2033ウイスキー,名古屋市,12.0,1724.0,1638.0,-86.0,-8.71,-95.77,0.82
2033ウイスキー,和歌山市,12.0,1836.0,1792.0,-44.0,-4.83,-53.08,0.35
2033ウイスキー,堺市,12.0,1787.0,1725.0,-62.0,-4.85,-53.38,0.7
2033ウイスキー,大分市,12.0,1850.0,1751.0,-99.0,-12.4,-136.42,0.58
2033ウイスキー,大津市,12.0,1709.0,1730.0,21.0,1.77,19.5,0.13
2033ウイスキー,大阪市,12.0,1859.0,1820.0,-39.0,-2.38,-26.23,0.21
2033ウイスキー,奈良市,12.0,1851.0,1670.0,-181.0,-9.88,-108.73,0.51
2033ウイスキー,姫路市,12.0,1763.0,1763.0,0.0,-1.28,-14.04,0.24
2033ウイスキー,宇部市,12.0,1782.0,1818.0,36.0,3.92,43.15,0.69
2033ウイスキー,宇都宮市,12.0,1751.0,1695.0,-56.0,-6.76,-74.31,0.64
2033ウイスキー,宮崎市,12.0,1813.0,1813.0,0.0,0.0,0.0,1.0
2033ウイスキー,富士市,12.0,1695.0,1726.0,31.0,1.85,20.38,0.14
2033ウイスキー,富山市,12.0,1723.0,1668.0,-55.0,-6.15,-67.69,0.54
2033ウイスキー,小山市,12.0,1757.0,1706.0,-51.0,-4.79,-52.69,0.94
2033ウイスキー,山口市,12.0,1781.0,1869.0,88.0,9.3,102.27,0.63
2033ウイスキー,山形市,12.0,1757.0,1713.0,-44.0,-4.15,-45.69,0.96
2033ウイスキー,岐阜市,12.0,1751.0,1669.0,-82.0,-5.63,-61.92,0.67
2033ウイスキー,岡山市,12.0,1885.0,1751.0,-134.0,-16.99,-186.85,0.75
2033ウイスキー,川口市,12.0,1751.0,1658.0,-93.0,-6.05,-66.54,0.54
2033ウイスキー,川崎市,12.0,1747.0,1656.0,-91.0,-7.26,-79.88,0.78
2033ウイスキー,広島市,12.0,1774.0,1719.0,-55.0,-5.7,-62.69,0.93
2033ウイスキー,府中市,12.0,1702.0,1647.0,-55.0,-4.88,-53.73,0.29
2033ウイスキー,徳島市,12.0,1819.0,1888.0,69.0,1.64,18.0,0.04
2033ウイスキー,所沢市,12.0,1745.0,1682.0,-63.0,-9.83,-108.12,0.67
2033ウイスキー,新潟市,12.0,1738.0,1704.0,-34.0,-3.26,-35.81,0.2
2033ウイスキー,日立市,12.0,1751.0,1777.0,26.0,-2.03,-22.31,0.07
2033ウイスキー,旭川市,12.0,1709.0,1677.0,-32.0,-2.7,-29.69,0.77
2033ウイスキー,札幌市,12.0,1767.0,1712.0,-55.0,-4.78,-52.58,0.78
2033ウイスキー,東京都区部,12.0,1771.0,1718.0,-53.0,-4.47,-49.15,0.84
2033ウイスキー,東大阪市,12.0,1779.0,1769.0,-10.0,-0.95,-10.42,0.19
2033ウイスキー,松山市,12.0,1781.0,1737.0,-44.0,-3.98,-43.81,0.93
2033ウイスキー,松本市,12.0,1718.0,1719.0,1.0,-2.4,-26.42,0.32
2033ウイスキー,松江市,12.0,1818.0,1743.0,-75.0,-7.35,-80.85,0.95
2033ウイスキー,松阪市,12.0,1738.0,1756.0,18.0,-0.54,-5.96,0.0
2033ウイスキー,枚方市,12.0,1792.0,1711.0,-81.0,-5.46,-60.04,0.71
2033ウイスキー,柏市,12.0,1693.0,1637.0,-56.0,-4.32,-47.54,0.56
2033ウイスキー,横浜市,12.0,1755.0,1738.0,-17.0,-3.03,-33.38,0.52
2033ウイスキー,水戸市,12.0,1692.0,1671.0,-21.0,-1.63,-17.88,0.07
2033ウイスキー,津市,12.0,1852.0,1787.0,-65.0,-3.91,-43.04,0.28
2033ウイスキー,浜松市,12.0,1718.0,1614.0,-104.0,-9.07,-99.73,0.89
2033ウイスキー,浦安市,12.0,1747.0,1640.0,-107.0,-11.02,-121.23,0.9
2033ウイスキー,熊本市,12.0,1745.0,1758.0,13.0,1.35,14.85,0.69
2033ウイスキー,熊谷市,12.0,1749.0,1749.0,0.0,-0.77,-8.46,0.0
2033ウイスキー,甲府市,12.0,1730.0,1730.0,0.0,0.1,1.12,0.0
2033ウイスキー,盛岡市,12.0,1757.0,1777.0,20.0,2.82,31.0,0.19
2033ウイスキー,相模原市,12.0,1763.0,1658.0,-105.0,-7.9,-86.88,0.81
2033ウイスキー,神戸市,12.0,1772.0,1743.0,-29.0,-2.28,-25.08,0.53
2033ウイスキー,福井市,12.0,1780.0,1735.0,-45.0,2.12,23.27,0.11
2033ウイスキー,福山市,12.0,1774.0,1744.0,-30.0,-4.58,-50.38,0.37
2033ウイスキー,福岡市,12.0,1712.0,1693.0,-19.0,-0.67,-7.42,0.11
2033ウイスキー,福島市,12.0,1757.0,1713.0,-44.0,-4.62,-50.85,0.94
2033ウイスキー,秋田市,12.0,1732.0,1707.0,-25.0,-3.25,-35.77,0.74
2033ウイスキー,立川市,12.0,1766.0,1703.0,-63.0,-8.6,-94.62,0.55
2033ウイスキー,藤沢市,12.0,1758.0,1680.0,-78.0,-5.05,-55.54,0.29
2033ウイスキー,西宮市,12.0,1728.0,1724.0,-4.0,-0.52,-5.73,0.29
2033ウイスキー,豊橋市,12.0,1775.0,1633.0,-142.0,-15.15,-166.69,0.75
2033ウイスキー,那覇市,12.0,1809.0,1787.0,-22.0,-0.12,-1.35,0.0
2033ウイスキー,郡山市,12.0,1754.0,1684.0,-70.0,-5.7,-62.65,0.66
2033ウイスキー,金沢市,12.0,1730.0,1629.0,-101.0,-10.94,-120.38,0.83
2033ウイスキー,長岡市,12.0,1744.0,1700.0,-44.0,-3.83,-42.12,0.62
2033ウイスキー,長崎市,12.0,1752.0,1758.0,6.0,0.73,8.08,0.73
2033ウイスキー,長野市,12.0,1719.0,1685.0,-34.0,-3.8,-41.85,0.67
2033ウイスキー,青森市,12.0,1687.0,1676.0,-11.0,-1.43,-15.73,0.37
2033ウイスキー,静岡市,12.0,1775.0,1763.0,-12.0,-0.02,-0.19,0.0
2033ウイスキー,高松市,12.0,1742.0,1738.0,-4.0,-0.38,-4.15,0.57
2033ウイスキー,高知市,12.0,1779.0,1735.0,-44.0,-3.62,-39.77,0.9
2033ウイスキー,鳥取市,12.0,1824.0,1758.0,-66.0,-6.67,-73.42,0.97
2033ウイスキー,鹿児島市,12.0,1694.0,1677.0,-17.0,-2.36,-25.96,0.57
2041ワイン,さいたま市,12.0,487.0,519.0,32.0,3.75,41.27,0.33
2041ワイン,京都市,12.0,548.0,482.0,-66.0,-0.74,-8.19,0.01
2041ワイン,今治市,0.0,,,,,,
2041ワイン,仙台市,12.0,481.0,536.0,55.0,1.27,13.92,0.07
2041ワイン,伊丹市,0.0,,,,,,
2041ワイン,佐世保市,0.0,,,,,,
2041ワイン,佐賀市,12.0,625.0,645.0,20.0,-0.38,-4.19,0.0
2041ワイン,八戸市,0.0,,,,,,
2041ワイン,八王子市,0.0,,,,,,
2041ワイン,函館市,0.0,,,,,,
2041ワイン,前橋市,12.0,460.0,471.0,11.0,0.12,1.27,0.0
2041ワイン,北九州市,0.0,,,,,,
2041ワイン,千葉市,12.0,570.0,570.0,0.0,0.0,0.0,1.0
2041ワイン,名古屋市,12.0,526.0,548.0,22.0,-1.0,-11.0,0.09
2041ワイン,和歌山市,12.0,482.0,482.0,0.0,0.04,0.46,0.02
2041ワイン,堺市,0.0,,,,,,
2041ワイン,大分市,12.0,620.0,593.0,-27.0,-3.09,-33.96,0.46
2041ワイン,大津市,12.0,569.0,580.0,11.0,0.77,8.46,0.42
2041ワイン,大阪市,12.0,521.0,522.0,1.0,1.42,15.58,0.39
2041ワイン,奈良市,12.0,499.0,499.0,0.0,0.0,0.0,1.0
2041ワイン,姫路市,0.0,,,,,,
2041ワイン,宇部市,0.0,,,,,,
2041ワイン,宇都宮市,12.0,504.0,603.0,99.0,8.45,92.96,0.6
2041ワイン,宮崎市,12.0,665.0,665.0,0.0,0.0,0.0,1.0
2041ワイン,富士市,0.0,,,,,,
2041ワイン,富山市,12.0,526.0,493.0,-33.0,-0.38,-4.23,0.01
2041ワイン,小山市,0.0,,,,,,
2041ワイン,山口市,12.0,603.0,603.0,0.0,-0.19,-2.12,0.0
2041ワイン,山形市,12.0,509.0,531.0,22.0,1.64,18.08,0.35
2041ワイン,岐阜市,12.0,526.0,526.0,0.0,0.56,6.15,0.1
2041ワイン,岡山市,12.0,556.0,552.0,-4.0,-0.99,-10.92,0.15
2041ワイン,川口市,0.0,,,,,,
2041ワイン,川崎市,0.0,,,,,,
2041ワイン,広島市,12.0,559.0,575.0,16.0,4.22,46.46,0.22
2041ワイン,府中市,0.0,,,,,,
2041ワイン,徳島市,12.0,687.0,687.0,0.0,0.0,0.0,1.0
2041ワイン,所沢市,0.0,,,,,,
2041ワイン,新潟市,12.0,526.0,526.0,0.0,0.24,2.65,0.01
2041ワイン,日立市,0.0,,,,,,
2041ワイン,旭川市,0.0,,,,,,
2041ワイン,札幌市,12.0,554.0,554.0,0.0,0.0,0.0,1.0
2041ワイン,東京都区部,12.0,550.0,580.0,30.0,1.52,16.77,0.4
2041ワイン,東大阪市,0.0,,,,,,
2041ワイン,松山市,12.0,471.0,493.0,22.0,2.54,27.92,0.06
2041ワイン,松本市,0.0,,,,,,
2041ワイン,松江市,12.0,648.0,648.0,0.0,0.22,2.42,0.15
2041ワイン,松阪市,0.0,,,,,,
2041ワイン,枚方市,0.0,,,,,,
2041ワイン,柏市,0.0,,,,,,
2041ワイン,横浜市,12.0,511.0,511.0,0.0,-0.47,-5.12,0.04
2041ワイン,水戸市,12.0,560.0,582.0,22.0,2.78,30.62,0.43
2041ワイン,津市,12.0,536.0,526.0,-10.0,-0.7,-7.69,0.09
2041ワイン,浜松市,0.0,,,,,,
2041ワイン,浦安市,0.0,,,,,,
2041ワイン,熊本市,12.0,570.0,570.0,0.0,0.0,0.0,1.0
2041ワイン,熊谷市,0.0,,,,,,
2041ワイン,甲府市,12.0,559.0,482.0,-77.0,-2.03,-22.35,0.04
2041ワイン,盛岡市,12.0,532.0,612.0,80.0,8.02,88.19,0.69
2041ワイン,相模原市,0.0,,,,,,
2041ワイン,神戸市,12.0,531.0,531.0,0.0,-0.52,-5.69,0.08
2041ワイン,福井市,12.0,465.0,466.0,1.0,-1.81,-19.88,0.36
2041ワイン,福山市,0.0,,,,,,
2041ワイン,福岡市,12.0,526.0,526.0,0.0,-1.85,-20.31,0.15
2041ワイン,福島市,12.0,575.0,575.0,0.0,5.27,57.96,0.35
2041ワイン,秋田市,12.0,488.0,499.0,11.0,2.17,23.92,0.07
2041ワイン,立川市,0.0,,,,,,
2041ワイン,藤沢市,0.0,,,,,,
2041ワイン,西宮市,0.0,,,,,,
2041ワイン,豊橋市,0.0,,,,,,
2041ワイン,那覇市,12.0,465.0,515.0,50.0,-0.77,-8.5,0.01
2041ワイン,郡山市,0.0,,,,,,
2041ワイン,金沢市,12.0,548.0,532.0,-16.0,0.08,0.92,0.0
2041ワイン,長岡市,0.0,,,,,,
2041ワイン,長崎市,12.0,615.0,631.0,16.0,6.95,76.46,0.26
2041ワイン,長野市,12.0,532.0,516.0,-16.0,-1.66,-18.23,0.1
2041ワイン,青森市,12.0,481.0,481.0,0.0,0.0,0.0,1.0
2041ワイン,静岡市,12.0,569.0,569.0,0.0,-1.34,-14.77,0.07
2041ワイン,高松市,12.0,602.0,602.0,0.0,0.0,0.0,1.0
2041ワイン,高知市,12.0,482.0,504.0,22.0,2.69,29.62,0.51
2041ワイン,鳥取市,12.0,677.0,614.0,-63.0,-6.17,-67.88,0.59
2041ワイン,鹿児島市,12.0,665.0,665.0,0.0,0.0,0.0,1.0
2042ワイン,さいたま市,12.0,592.0,675.0,83.0,7.92,87.08,0.41
2042ワイン,京都市,12.0,526.0,597.0,71.0,6.12,67.35,0.6
2042ワイン,今治市,0.0,,,,,,
2042ワイン,仙台市,12.0,547.0,619.0,72.0,5.22,57.42,0.72
2042ワイン,伊丹市,0.0,,,,,,
2042ワイン,佐世保市,0.0,,,,,,
2042ワイン,佐賀市,12.0,617.0,663.0,46.0,4.34,47.77,0.57
2042ワイン,八戸市,0.0,,,,,,
2042ワイン,八王子市,0.0,,,,,,
2042ワイン,函館市,0.0,,,,,,
2042ワイン,前橋市,12.0,616.0,625.0,9.0,3.31,36.42,0.23
2042ワイン,北九州市,0.0,,,,,,
2042ワイン,千葉市,12.0,641.0,690.0,49.0,5.4,59.35,0.56
2042ワイン,名古屋市,12.0,615.0,647.0,32.0,2.95,32.46,0.24
2042ワイン,和歌山市,12.0,625.0,691.0,66.0,6.23,68.54,0.57
2042ワイン,堺市,0.0,,,,,,
2042ワイン,大分市,12.0,586.0,630.0,44.0,4.0,44.04,0.3
2042ワイン,大津市,12.0,652.0,646.0,-6.0,-2.52,-27.69,0.03
2042ワイン,大阪市,12.0,569.0,634.0,65.0,5.12,56.27,0.56
2042ワイン,奈良市,12.0,559.0,620.0,61.0,5.76,63.35,0.57
2042ワイン,姫路市,0.0,,,,,,
2042ワイン,宇部市,0.0,,,,,,
2042ワイン,宇都宮市,12.0,559.0,630.0,71.0,6.37,70.12,0.74
2042ワイン,宮崎市,12.0,610.0,670.0,60.0,6.24,68.65,0.69
2042ワイン,富士市,0.0,,,,,,
2042ワイン,富山市,12.0,543.0,587.0,44.0,4.65,51.19,0.51
2042ワイン,小山市,0.0,,,,,,
2042ワイン,山口市,12.0,648.0,648.0,0.0,3.42,37.62,0.18
2042ワイン,山形市,12.0,547.0,591.0,44.0,3.68,40.5,0.26
2042ワイン,岐阜市,12.0,603.0,647.0,44.0,4.05,44.5,0.58
2042ワイン,岡山市,12.0,647.0,681.0,34.0,3.31,36.38,0.55
2042ワイン,川口市,0.0,,,,,,
2042ワイン,川崎市,0.0,,,,,,
2042ワイン,広島市,12.0,619.0,647.0,28.0,5.64,62.0,0.38
2042ワイン,府中市,0.0,,,,,,
2042ワイン,徳島市,12.0,618.0,668.0,50.0,4.98,54.81,0.69
2042ワイン,所沢市,0.0,,,,,,
2042ワイン,新潟市,12.0,570.0,592.0,22.0,1.99,21.92,0.13
2042ワイン,日立市,0.0,,,,,,
2042ワイン,旭川市,0.0,,,,,,
2042ワイン,札幌市,12.0,568.0,612.0,44.0,3.99,43.85,0.47
2042ワイン,東京都区部,12.0,619.0,690.0,71.0,7.03,77.35,0.62
2042ワイン,東大阪市,0.0,,,,,,
2042ワイン,松山市,12.0,566.0,622.0,56.0,5.29,58.15,0.57
2042ワイン,松本市,0.0,,,,,,
2042ワイン,松江市,12.0,676.0,747.0,71.0,6.7,73.73,0.57
2042ワイン,松阪市,0.0,,,,,,
2042ワイン,枚方市,0.0,,,,,,
2042ワイン,柏市,0.0,,,,,,
2042ワイン,横浜市,12.0,602.0,677.0,75.0,6.2,68.19,0.56
2042ワイン,水戸市,12.0,626.0,679.0,53.0,6.05,66.54,0.79
2042ワイン,津市,12.0,657.0,657.0,0.0,4.04,44.42,0.26
2042ワイン,浜松市,0.0,,,,,,
2042ワイン,浦安市,0.0,,,,,,
2042ワイン,熊本市,12.0,603.0,691.0,88.0,8.39,92.27,0.61
2042ワイン,熊谷市,0.0,,,,,,
2042ワイン,甲府市,12.0,625.0,675.0,50.0,4.63,50.96,0.49
2042ワイン,盛岡市,12.0,608.0,685.0,77.0,7.2,79.23,0.83
2042ワイン,相模原市,0.0,,,,,,
2042ワイン,神戸市,12.0,558.0,591.0,33.0,5.62,61.77,0.31
2042ワイン,福井市,12.0,676.0,735.0,59.0,4.79,52.65,0.55
2042ワイン,福山市,0.0,,,,,,
2042ワイン,福岡市,12.0,574.0,696.0,122.0,6.09,67.04,0.56
2042ワイン,福島市,12.0,603.0,641.0,38.0,4.01,44.08,0.6
2042ワイン,秋田市,12.0,577.0,648.0,71.0,6.78,74.58,0.6
2042ワイン,立川市,0.0,,,,,,
2042ワイン,藤沢市,0.0,,,,,,
2042ワイン,西宮市,0.0,,,,,,
2042ワイン,豊橋市,0.0,,,,,,
2042ワイン,那覇市,12.0,604.0,656.0,52.0,3.57,39.27,0.61
2042ワイン,郡山市,0.0,,,,,,
2042ワイン,金沢市,12.0,570.0,587.0,17.0,2.9,31.92,0.29
2042ワイン,長岡市,0.0,,,,,,
2042ワイン,長崎市,12.0,686.0,768.0,82.0,6.42,70.62,0.35
2042ワイン,長野市,12.0,571.0,631.0,60.0,5.96,65.54,0.7
2042ワイン,青森市,12.0,597.0,652.0,55.0,5.54,60.92,0.72
2042ワイン,静岡市,12.0,567.0,685.0,118.0,11.95,131.42,0.66
2042ワイン,高松市,12.0,635.0,670.0,35.0,3.79,41.65,0.86
2042ワイン,高知市,12.0,633.0,703.0,70.0,4.15,45.62,0.4
2042ワイン,鳥取市,12.0,677.0,732.0,55.0,5.61,61.69,0.8
2042ワイン,鹿児島市,12.0,638.0,669.0,31.0,3.07,33.73,0.66
2101うどん（外食）,さいたま市,12.0,663.0,675.0,12.0,1.34,14.77,0.67
2101うどん（外食）,京都市,12.0,677.0,726.0,49.0,5.24,57.69,0.87
2101うどん（外食）,今治市,12.0,553.0,563.0,10.0,0.94,10.38,0.57
2101うどん（外食）,仙台市,12.0,733.0,765.0,32.0,2.53,27.85,0.54
2101うどん（外食）,伊丹市,12.0,843.0,869.0,26.0,1.82,20.0,0.53
2101うどん（外食）,佐世保市,12.0,600.0,653.0,53.0,5.22,57.38,0.82
2101うどん（外食）,佐賀市,12.0,523.0,570.0,47.0,3.55,39.04,0.75
2101うどん（外食）,八戸市,12.0,460.0,467.0,7.0,0.49,5.38,0.42
2101うどん（外食）,八王子市,12.0,897.0,913.0,16.0,1.12,12.31,0.42
2101うどん（外食）,函館市,12.0,670.0,687.0,17.0,1.9,20.92,0.67
2101うどん（外食）,前橋市,12.0,677.0,693.0,16.0,1.51,16.62,0.57
2101うどん（外食）,北九州市,12.0,575.0,590.0,15.0,1.68,18.46,0.67
2101うどん（外食）,千葉市,12.0,678.0,678.0,0.0,0.0,0.0,1.0
2101うどん（外食）,名古屋市,12.0,727.0,752.0,25.0,3.1,34.12,0.47
2101うどん（外食）,和歌山市,12.0,742.0,789.0,47.0,4.44,48.81,0.74
2101うどん（外食）,堺市,12.0,560.0,577.0,17.0,0.65,7.19,0.23
2101うどん（外食）,大分市,12.0,572.0,553.0,-19.0,-2.82,-31.0,0.26
2101うどん（外食）,大津市,12.0,667.0,817.0,150.0,12.82,141.0,0.58
2101うどん（外食）,大阪市,12.0,740.0,803.0,63.0,5.04,55.46,0.77
2101うどん（外食）,奈良市,12.0,732.0,822.0,90.0,10.0,110.0,0.68
2101うどん（外食）,姫路市,12.0,699.0,740.0,41.0,3.87,42.58,0.57
2101うどん（外食）,宇部市,12.0,547.0,527.0,-20.0,-2.52,-27.69,0.76
2101うどん（外食）,宇都宮市,12.0,717.0,800.0,83.0,5.99,65.88,0.56
2101うどん（外食）,宮崎市,12.0,540.0,580.0,40.0,3.78,41.54,0.84
2101うどん（外食）,富士市,12.0,760.0,813.0,53.0,3.16,34.73,0.49
2101うどん（外食）,富山市,12.0,737.0,753.0,16.0,0.62,6.77,0.23
2101うどん（外食）,小山市,12.0,577.0,637.0,60.0,6.64,73.08,0.54
2101うどん（外食）,山口市,12.0,520.0,533.0,13.0,1.59,17.5,0.73
2101うどん（外食）,山形市,12.0,883.0,917.0,34.0,3.15,34.69,0.59
2101うどん（外食）,岐阜市,12.0,637.0,670.0,33.0,3.87,42.58,0.77
2101うどん（外食）,岡山市,12.0,583.0,590.0,7.0,-0.53,-5.88,0.03
2101うどん（外食）,川口市,12.0,703.0,710.0,7.0,0.66,7.27,0.57
2101うどん（外食）,川崎市,12.0,638.0,650.0,12.0,1.51,16.62,0.76
2101うどん（外食）,広島市,12.0,738.0,758.0,20.0,1.19,13.08,0.59
2101うどん（外食）,府中市,12.0,912.0,922.0,10.0,0.7,7.69,0.42
2101うどん（外食）,徳島市,12.0,650.0,693.0,43.0,2.5,27.54,0.41
2101うどん（外食）,所沢市,12.0,693.0,743.0,50.0,5.02,55.19,0.75
2101うどん（外食）,新潟市,12.0,777.0,777.0,0.0,0.0,0.0,1.0
2101うどん（外食）,日立市,12.0,617.0,633.0,16.0,1.79,19.69,0.67
2101うどん（外食）,旭川市,12.0,707.0,757.0,50.0,4.88,53.69,0.82
2101うどん（外食）,札幌市,12.0,585.0,610.0,25.0,2.93,32.27,0.77
2101うどん（外食）,東京都区部,12.0,768.0,795.0,27.0,2.72,29.88,0.8
2101うどん（外食）,東大阪市,12.0,578.0,588.0,10.0,0.38,4.23,0.23
2101うどん（外食）,松山市,12.0,567.0,603.0,36.0,3.4,37.38,0.57
2101うどん（外食）,松本市,12.0,660.0,620.0,-40.0,-5.03,-55.31,0.63
2101うどん（外食）,松江市,12.0,693.0,717.0,24.0,2.94,32.31,0.73
2101うどん（外食）,松阪市,12.0,619.0,626.0,7.0,0.78,8.62,0.67
2101うどん（外食）,枚方市,12.0,557.0,590.0,33.0,4.1,45.08,0.81
2101うどん（外食）,柏市,12.0,627.0,637.0,10.0,0.94,10.38,0.57
2101うどん（外食）,横浜市,12.0,812.0,833.0,21.0,2.21,24.31,0.69
2101うどん（外食）,水戸市,12.0,770.0,777.0,7.0,0.66,7.27,0.57
2101うどん（外食）,津市,12.0,673.0,706.0,33.0,3.56,39.19,0.87
2101うどん（外食）,浜松市,12.0,605.0,605.0,0.0,0.0,0.0,1.0
2101うどん（外食）,浦安市,12.0,750.0,750.0,0.0,0.0,0.0,1.0
2101うどん（外食）,熊本市,12.0,630.0,691.0,61.0,3.95,43.46,0.58
2101うどん（外食）,熊谷市,12.0,673.0,690.0,17.0,1.6,17.65,0.57
2101うどん（外食）,甲府市,12.0,611.0,741.0,130.0,14.5,159.54,0.78
2101うどん（外食）,盛岡市,12.0,677.0,653.0,-24.0,-4.11,-45.23,0.44
2101うどん（外食）,相模原市,12.0,567.0,657.0,90.0,9.45,103.92,0.75
2101うどん（外食）,神戸市,12.0,640.0,672.0,32.0,2.81,30.92,0.85
2101うどん（外食）,福井市,12.0,693.0,733.0,40.0,4.48,49.23,0.67
2101うどん（外食）,福山市,12.0,617.0,660.0,43.0,3.48,38.27,0.87
2101うどん（外食）,福岡市,12.0,582.0,621.0,39.0,4.26,46.81,0.77
2101うどん（外食）,福島市,12.0,701.0,720.0,19.0,0.73,8.04,0.23
2101うどん（外食）,秋田市,12.0,860.0,677.0,-183.0,-22.16,-243.77,0.63
2101うどん（外食）,立川市,12.0,627.0,710.0,83.0,6.4,70.35,0.58
2101うどん（外食）,藤沢市,12.0,660.0,680.0,20.0,1.89,20.77,0.57
2101うどん（外食）,西宮市,12.0,527.0,527.0,0.0,0.0,0.0,1.0
2101うどん（外食）,豊橋市,12.0,787.0,797.0,10.0,0.94,10.38,0.57
2101うどん（外食）,那覇市,12.0,757.0,786.0,29.0,3.48,38.31,0.79
2101うどん（外食）,郡山市,12.0,677.0,710.0,33.0,4.04,44.42,0.73
2101うどん（外食）,金沢市,12.0,600.0,650.0,50.0,4.66,51.27,0.74
2101うどん（外食）,長岡市,12.0,700.0,783.0,83.0,7.84,86.19,0.57
2101うどん（外食）,長崎市,12.0,617.0,643.0,26.0,2.45,27.0,0.85
2101うどん（外食）,長野市,12.0,840.0,857.0,17.0,1.6,17.65,0.57
2101うどん（外食）,青森市,12.0,767.0,767.0,0.0,0.0,0.0,1.0
2101うどん（外食）,静岡市,12.0,650.0,717.0,67.0,8.2,90.19,0.73
2101うどん（外食）,高松市,12.0,535.0,553.0,18.0,1.26,13.85,0.42
2101うどん（外食）,高知市,12.0,683.0,668.0,-15.0,-1.89,-20.77,0.76
2101うどん（外食）,鳥取市,12.0,659.0,659.0,0.0,0.0,0.0,1.0
2101うどん（外食）,鹿児島市,12.0,711.0,770.0,59.0,5.3,58.31,0.43
2102中華そば（外食）,さいたま市,12.0,465.0,465.0,0.0,0.0,0.0,1.0
2102中華そば（外食）,京都市,12.0,810.0,810.0,0.0,-0.1,-1.15,0.05
2102中華そば（外食）,今治市,12.0,683.0,683.0,0.0,0.0,0.0,1.0
2102中華そば（外食）,仙台市,12.0,540.0,530.0,-10.0,-0.7,-7.69,0.08
2102中華そば（外食）,伊丹市,12.0,786.0,822.0,36.0,3.06,33.69,0.76
2102中華そば（外食）,佐世保市,12.0,780.0,807.0,27.0,2.13,23.46,0.53
2102中華そば（外食）,佐賀市,12.0,807.0,813.0,6.0,0.57,6.23,0.57
2102中華そば（外食）,八戸市,12.0,590.0,610.0,20.0,1.4,15.38,0.42
2102中華そば（外食）,八王子市,12.0,853.0,860.0,7.0,0.86,9.42,0.73
2102中華そば（外食）,函館市,12.0,709.0,709.0,0.0,0.0,0.0,1.0
2102中華そば（外食）,前橋市,12.0,597.0,613.0,16.0,1.51,16.62,0.57
2102中華そば（外食）,北九州市,12.0,765.0,760.0,-5.0,-0.72,-7.88,0.17
2102中華そば（外食）,千葉市,12.0,550.0,550.0,0.0,0.0,0.0,1.0
2102中華そば（外食）,名古屋市,12.0,717.0,729.0,12.0,1.13,12.46,0.57
2102中華そば（外食）,和歌山市,12.0,759.0,783.0,24.0,2.39,26.31,0.7
2102中華そば（外食）,堺市,12.0,793.0,813.0,20.0,1.89,20.77,0.57
2102中華そば（外食）,大分市,12.0,813.0,843.0,30.0,2.51,27.65,0.78
2102中華そば（外食）,大津市,12.0,809.0,815.0,6.0,0.67,7.38,0.67
2102中華そば（外食）,大阪市,12.0,736.0,757.0,21.0,1.92,21.15,0.68
2102中華そば（外食）,奈良市,12.0,749.0,749.0,0.0,0.0,0.0,1.0
2102中華そば（外食）,姫路市,12.0,760.0,793.0,33.0,2.76,30.31,0.79
2102中華そば（外食）,宇部市,12.0,667.0,677.0,10.0,0.94,10.38,0.57
2102中華そば（外食）,宇都宮市,12.0,630.0,630.0,0.0,0.0,0.0,1.0
2102中華そば（外食）,宮崎市,12.0,810.0,843.0,33.0,3.4,37.35,0.88
2102中華そば（外食）,富士市,12.0,567.0,567.0,0.0,0.0,0.0,1.0
2102中華そば（外食）,富山市,12.0,733.0,733.0,0.0,0.0,0.0,1.0
2102中華そば（外食）,小山市,12.0,646.0,679.0,33.0,2.7,29.69,0.7
2102中華そば（外食）,山口市,12.0,739.0,757.0,18.0,0.69,7.62,0.23
2102中華そば（外食）,山形市,12.0,818.0,834.0,16.0,0.62,6.77,0.23
2102中華そば（外食）,岐阜市,12.0,673.0,605.0,-68.0,-7.61,-83.69,0.67
2102中華そば（外食）,岡山市,12.0,736.0,764.0,28.0,1.96,21.54,0.68
2102中華そば（外食）,川口市,12.0,700.0,667.0,-33.0,-3.12,-34.27,0.57
2102中華そば（外食）,川崎市,12.0,725.0,725.0,0.0,0.0,0.0,1.0
2102中華そば（外食）,広島市,12.0,873.0,824.0,-49.0,-5.41,-59.54,0.63
2102中華そば（外食）,府中市,12.0,767.0,833.0,66.0,6.71,73.85,0.7
2102中華そば（外食）,徳島市,12.0,650.0,683.0,33.0,2.05,22.54,0.15
2102中華そば（外食）,所沢市,12.0,550.0,590.0,40.0,4.25,46.77,0.86
2102中華そば（外食）,新潟市,12.0,760.0,760.0,0.0,0.0,0.0,1.0
2102中華そば（外食）,日立市,12.0,583.0,600.0,17.0,1.6,17.65,0.57
2102中華そば（外食）,旭川市,12.0,630.0,697.0,67.0,6.92,76.12,0.68
2102中華そば（外食）,札幌市,12.0,788.0,818.0,30.0,2.1,23.08,0.42
2102中華そば（外食）,東京都区部,12.0,599.0,607.0,8.0,0.58,6.35,0.51
2102中華そば（外食）,東大阪市,12.0,684.0,734.0,50.0,4.72,51.92,0.57
2102中華そば（外食）,松山市,12.0,643.0,660.0,17.0,1.9,20.92,0.67
2102中華そば（外食）,松本市,12.0,707.0,783.0,76.0,7.51,82.62,0.76
2102中華そば（外食）,松江市,12.0,737.0,761.0,24.0,0.95,10.46,0.13
2102中華そば（外食）,松阪市,12.0,707.0,740.0,33.0,1.27,13.96,0.23
2102中華そば（外食）,枚方市,12.0,726.0,726.0,0.0,0.0,0.0,1.0
2102中華そば（外食）,柏市,12.0,713.0,733.0,20.0,1.89,20.77,0.85
2102中華そば（外食）,横浜市,12.0,680.0,710.0,30.0,2.74,30.12,0.79
2102中華そば（外食）,水戸市,12.0,596.0,653.0,57.0,4.23,46.54,0.58
2102中華そば（外食）,津市,12.0,803.0,819.0,16.0,1.83,20.08,0.85
2102中華そば（外食）,浜松市,12.0,785.0,807.0,22.0,2.08,22.85,0.57
2102中華そば（外食）,浦安市,12.0,817.0,783.0,-34.0,2.41,26.54,0.12
2102中華そば（外食）,熊本市,12.0,767.0,760.0,-7.0,-0.49,-5.38,0.01
2102中華そば（外食）,熊谷市,12.0,597.0,613.0,16.0,1.51,16.62,0.57
2102中華そば（外食）,甲府市,12.0,710.0,710.0,0.0,0.0,0.0,1.0
2102中華そば（外食）,盛岡市,12.0,672.0,698.0,26.0,-1.8,-19.77,0.09
2102中華そば（外食）,相模原市,12.0,553.0,607.0,54.0,6.68,73.46,0.8
2102中華そば（外食）,神戸市,12.0,663.0,658.0,-5.0,0.63,6.88,0.04
2102中華そば（外食）,福井市,12.0,737.0,747.0,10.0,0.38,4.23,0.23
2102中華そば（外食）,福山市,12.0,727.0,768.0,41.0,4.34,47.69,0.75
2102中華そば（外食）,福岡市,12.0,726.0,781.0,55.0,5.66,62.31,0.68
2102中華そば（外食）,福島市,12.0,640.0,653.0,13.0,0.91,10.0,0.42
2102中華そば（外食）,秋田市,12.0,633.0,633.0,0.0,0.0,0.0,1.0
2102中華そば（外食）,立川市,12.0,666.0,573.0,-93.0,-11.68,-128.5,0.68
2102中華そば（外食）,藤沢市,12.0,723.0,773.0,50.0,5.59,61.54,0.67
2102中華そば（外食）,西宮市,12.0,766.0,759.0,-7.0,-0.49,-5.38,0.42
2102中華そば（外食）,豊橋市,12.0,683.0,763.0,80.0,8.3,91.35,0.88
2102中華そば（外食）,那覇市,12.0,817.0,833.0,16.0,1.12,12.31,0.42
2102中華そば（外食）,郡山市,12.0,623.0,663.0,40.0,4.9,53.85,0.73
2102中華そば（外食）,金沢市,12.0,607.0,647.0,40.0,3.29,36.19,0.74
2102中華そば（外食）,長岡市,12.0,667.0,733.0,66.0,6.23,68.54,0.57
2102中華そば（外食）,長崎市,12.0,797.0,810.0,13.0,1.45,16.0,0.67
2102中華そば（外食）,長野市,12.0,717.0,757.0,40.0,2.8,30.77,0.42
2102中華そば（外食）,青森市,12.0,667.0,667.0,0.0,0.0,0.0,1.0
2102中華そば（外食）,静岡市,12.0,795.0,836.0,41.0,4.31,47.42,0.79
2102中華そば（外食）,高松市,12.0,646.0,716.0,70.0,6.73,74.0,0.76
2102中華そば（外食）,高知市,12.0,714.0,764.0,50.0,5.2,57.15,0.73
2102中華そば（外食）,鳥取市,12.0,737.0,858.0,121.0,6.57,72.31,0.61
2102中華そば（外食）,鹿児島市,12.0,673.0,673.0,0.0,0.0,0.0,1.0
2103日本そば（外食）,さいたま市,12.0,600.0,613.0,13.0,1.45,16.0,0.67
2103日本そば（外食）,京都市,12.0,685.0,740.0,55.0,5.74,63.15,0.58
2103日本そば（外食）,今治市,0.0,,,,,,
2103日本そば（外食）,仙台市,12.0,685.0,625.0,-60.0,-3.9,-42.92,0.26
2103日本そば（外食）,伊丹市,0.0,,,,,,
2103日本そば（外食）,佐世保市,0.0,,,,,,
2103日本そば（外食）,佐賀市,12.0,671.0,698.0,27.0,3.3,36.35,0.73
2103日本そば（外食）,八戸市,0.0,,,,,,
2103日本そば（外食）,八王子市,0.0,,,,,,
2103日本そば（外食）,函館市,0.0,,,,,,
2103日本そば（外食）,前橋市,12.0,567.0,583.0,16.0,1.51,16.62,0.57
2103日本そば（外食）,北九州市,0.0,,,,,,
2103日本そば（外食）,千葉市,12.0,758.0,780.0,22.0,2.32,25.54,0.69
2103日本そば（外食）,名古屋市,12.0,718.0,755.0,37.0,3.15,34.65,0.57
2103日本そば（外食）,和歌山市,12.0,751.0,758.0,7.0,0.66,7.27,0.57
2103日本そば（外食）,堺市,0.0,,,,,,
2103日本そば（外食）,大分市,12.0,586.0,530.0,-56.0,-6.7,-73.65,0.83
2103日本そば（外食）,大津市,12.0,709.0,843.0,134.0,12.12,133.31,0.61
2103日本そば（外食）,大阪市,12.0,686.0,721.0,35.0,3.59,39.54,0.86
2103日本そば（外食）,奈良市,12.0,736.0,792.0,56.0,6.48,71.23,0.85
2103日本そば（外食）,姫路市,0.0,,,,,,
2103日本そば（外食）,宇部市,0.0,,,,,,
2103日本そば（外食）,宇都宮市,12.0,583.0,667.0,84.0,5.64,62.0,0.54
2103日本そば（外食）,宮崎市,12.0,583.0,610.0,27.0,2.3,25.35,0.77
2103日本そば（外食）,富士市,0.0,,,,,,
2103日本そば（外食）,富山市,12.0,800.0,800.0,0.0,0.0,0.0,1.0
2103日本そば（外食）,小山市,0.0,,,,,,
2103日本そば（外食）,山口市,12.0,713.0,763.0,50.0,6.24,68.62,0.8
2103日本そば（外食）,山形市,12.0,800.0,833.0,33.0,1.27,13.96,0.42
2103日本そば（外食）,岐阜市,12.0,757.0,790.0,33.0,3.87,42.58,0.77
2103日本そば（外食）,岡山市,12.0,756.0,799.0,43.0,3.32,36.54,0.57
2103日本そば（外食）,川口市,0.0,,,,,,
2103日本そば（外食）,川崎市,0.0,,,,,,
2103日本そば（外食）,広島市,12.0,698.0,713.0,15.0,1.14,12.5,0.57
2103日本そば（外食）,府中市,0.0,,,,,,
2103日本そば（外食）,徳島市,12.0,700.0,760.0,60.0,3.66,40.27,0.64
2103日本そば（外食）,所沢市,0.0,,,,,,
2103日本そば（外食）,新潟市,12.0,796.0,832.0,36.0,3.41,37.46,0.83
2103日本そば（外食）,日立市,0.0,,,,,,
2103日本そば（外食）,旭川市,0.0,,,,,,
2103日本そば（外食）,札幌市,12.0,756.0,773.0,17.0,3.03,33.38,0.51
2103日本そば（外食）,東京都区部,12.0,736.0,774.0,38.0,4.34,47.77,0.82
2103日本そば（外食）,東大阪市,0.0,,,,,,
2103日本そば（外食）,松山市,12.0,693.0,757.0,64.0,5.7,62.69,0.76
2103日本そば（外食）,松本市,0.0,,,,,,
2103日本そば（外食）,松江市,12.0,823.0,800.0,-23.0,-2.81,-30.96,0.73
2103日本そば（外食）,松阪市,0.0,,,,,,
2103日本そば（外食）,枚方市,0.0,,,,,,
2103日本そば（外食）,柏市,0.0,,,,,,
2103日本そば（外食）,横浜市,12.0,788.0,777.0,-11.0,-1.23,-13.54,0.67
2103日本そば（外食）,水戸市,12.0,733.0,733.0,0.0,0.5,5.54,0.15
2103日本そば（外食）,津市,12.0,797.0,830.0,33.0,3.69,40.62,0.89
2103日本そば（外食）,浜松市,0.0,,,,,,
2103日本そば（外食）,浦安市,0.0,,,,,,
2103日本そば（外食）,熊本市,12.0,632.0,692.0,60.0,3.69,40.62,0.53
2103日本そば（外食）,熊谷市,0.0,,,,,,
2103日本そば（外食）,甲府市,12.0,615.0,615.0,0.0,0.0,0.0,1.0
2103日本そば（外食）,盛岡市,12.0,670.0,640.0,-30.0,-4.68,-51.46,0.46
2103日本そば（外食）,相模原市,0.0,,,,,,
2103日本そば（外食）,神戸市,12.0,717.0,722.0,5.0,-0.23,-2.54,0.07
2103日本そば（外食）,福井市,12.0,787.0,793.0,6.0,0.67,7.38,0.67
2103日本そば（外食）,福山市,0.0,,,,,,
2103日本そば（外食）,福岡市,12.0,671.0,702.0,31.0,3.38,37.15,0.64
2103日本そば（外食）,福島市,12.0,727.0,727.0,0.0,0.0,0.0,1.0
2103日本そば（外食）,秋田市,12.0,853.0,795.0,-58.0,-9.98,-109.81,0.45
2103日本そば（外食）,立川市,0.0,,,,,,
2103日本そば（外食）,藤沢市,0.0,,,,,,
2103日本そば（外食）,西宮市,0.0,,,,,,
2103日本そば（外食）,豊橋市,0.0,,,,,,
2103日本そば（外食）,那覇市,12.0,723.0,773.0,50.0,6.29,69.23,0.76
2103日本そば（外食）,郡山市,0.0,,,,,,
2103日本そば（外食）,金沢市,12.0,750.0,790.0,40.0,3.25,35.73,0.74
2103日本そば（外食）,長岡市,0.0,,,,,,
2103日本そば（外食）,長崎市,12.0,600.0,617.0,17.0,1.9,20.92,0.67
2103日本そば（外食）,長野市,12.0,790.0,807.0,17.0,0.31,3.46,0.0
2103日本そば（外食）,青森市,12.0,726.0,733.0,7.0,0.78,8.62,0.67
2103日本そば（外食）,静岡市,12.0,633.0,667.0,34.0,3.69,40.54,0.78
2103日本そば（外食）,高松市,12.0,650.0,700.0,50.0,2.9,31.88,0.47
2103日本そば（外食）,高知市,12.0,681.0,699.0,18.0,1.57,17.23,0.35
2103日本そば（外食）,鳥取市,12.0,691.0,691.0,0.0,0.0,0.0,1.0
2103日本そば（外食）,鹿児島市,12.0,860.0,976.0,116.0,8.48,93.27,0.84
2112スパゲッティ（外食）,さいたま市,12.0,1033.0,1065.0,32.0,2.08,22.88,0.22
2112スパゲッティ（外食）,京都市,12.0,973.0,1010.0,37.0,3.49,38.42,0.57
2112スパゲッティ（外食）,今治市,0.0,,,,,,
2112スパゲッティ（外食）,仙台市,12.0,575.0,575.0,0.0,0.0,0.0,1.0
2112スパゲッティ（外食）,伊丹市,0.0,,,,,,
2112スパゲッティ（外食）,佐世保市,0.0,,,,,,
2112スパゲッティ（外食）,佐賀市,12.0,915.0,932.0,17.0,1.19,13.08,0.42
2112スパゲッティ（外食）,八戸市,0.0,,,,,,
2112スパゲッティ（外食）,八王子市,0.0,,,,,,
2112スパゲッティ（外食）,函館市,0.0,,,,,,
2112スパゲッティ（外食）,前橋市,12.0,811.0,841.0,30.0,3.78,41.54,0.76
2112スパゲッティ（外食）,北九州市,0.0,,,,,,
2112スパゲッティ（外食）,千葉市,12.0,734.0,745.0,11.0,1.38,15.23,0.76
2112スパゲッティ（外食）,名古屋市,12.0,843.0,882.0,39.0,2.74,30.15,0.49
2112スパゲッティ（外食）,和歌山市,12.0,567.0,583.0,16.0,1.51,16.62,0.57
2112スパゲッティ（外食）,堺市,0.0,,,,,,
2112スパゲッティ（外食）,大分市,12.0,886.0,790.0,-96.0,-13.25,-145.73,0.61
2112スパゲッティ（外食）,大津市,12.0,800.0,817.0,17.0,0.95,10.42,0.67
2112スパゲッティ（外食）,大阪市,12.0,755.0,769.0,14.0,1.02,11.23,0.8
2112スパゲッティ（外食）,奈良市,12.0,760.0,790.0,30.0,3.19,35.04,0.77
2112スパゲッティ（外食）,姫路市,0.0,,,,,,
2112スパゲッティ（外食）,宇部市,0.0,,,,,,
2112スパゲッティ（外食）,宇都宮市,12.0,893.0,877.0,-16.0,0.53,5.88,0.01
2112スパゲッティ（外食）,宮崎市,12.0,936.0,1006.0,70.0,6.61,72.69,0.85
2112スパゲッティ（外食）,富士市,0.0,,,,,,
2112スパゲッティ（外食）,富山市,12.0,747.0,710.0,-37.0,-0.37,-4.08,0.0
2112スパゲッティ（外食）,小山市,0.0,,,,,,
2112スパゲッティ（外食）,山口市,12.0,783.0,820.0,37.0,3.49,38.42,0.57
2112スパゲッティ（外食）,山形市,12.0,861.0,1030.0,169.0,8.35,91.81,0.38
2112スパゲッティ（外食）,岐阜市,12.0,866.0,890.0,24.0,2.15,23.62,0.8
2112スパゲッティ（外食）,岡山市,12.0,900.0,950.0,50.0,7.23,79.54,0.34
2112スパゲッティ（外食）,川口市,0.0,,,,,,
2112スパゲッティ（外食）,川崎市,0.0,,,,,,
2112スパゲッティ（外食）,広島市,12.0,840.0,986.0,146.0,14.16,155.73,0.83
2112スパゲッティ（外食）,府中市,0.0,,,,,,
2112スパゲッティ（外食）,徳島市,12.0,888.0,743.0,-145.0,-18.72,-205.92,0.64
2112スパゲッティ（外食）,所沢市,0.0,,,,,,
2112スパゲッティ（外食）,新潟市,12.0,957.0,957.0,0.0,0.0,0.0,1.0
2112スパゲッティ（外食）,日立市,0.0,,,,,,
2112スパゲッティ（外食）,旭川市,0.0,,,,,,
2112スパゲッティ（外食）,札幌市,12.0,995.0,1006.0,11.0,1.38,15.23,0.76
2112スパゲッティ（外食）,東京都区部,12.0,697.0,713.0,16.0,2.05,22.58,0.56
2112スパゲッティ（外食）,東大阪市,0.0,,,,,,
2112スパゲッティ（外食）,松山市,12.0,998.0,1014.0,16.0,1.51,16.62,0.57
2112スパゲッティ（外食）,松本市,0.0,,,,,,
2112スパゲッティ（外食）,松江市,12.0,876.0,924.0,48.0,3.36,36.92,0.42
2112スパゲッティ（外食）,松阪市,0.0,,,,,,
2112スパゲッティ（外食）,枚方市,0.0,,,,,,
2112スパゲッティ（外食）,柏市,0.0,,,,,,
2112スパゲッティ（外食）,横浜市,12.0,779.0,786.0,7.0,0.88,9.69,0.76
2112スパゲッティ（外食）,水戸市,12.0,667.0,660.0,-7.0,4.91,53.96,0.14
2112スパゲッティ（外食）,津市,12.0,663.0,663.0,0.0,0.0,0.0,1.0
2112スパゲッティ（外食）,浜松市,0.0,,,,,,
2112スパゲッティ（外食）,浦安市,0.0,,,,,,
2112スパゲッティ（外食）,熊本市,12.0,963.0,1023.0,60.0,4.2,46.15,0.42
2112スパゲッティ（外食）,熊谷市,0.0,,,,,,
2112スパゲッティ（外食）,甲府市,12.0,762.0,794.0,32.0,3.49,38.42,0.83
2112スパゲッティ（外食）,盛岡市,12.0,990.0,990.0,0.0,0.0,0.0,1.0
2112スパゲッティ（外食）,相模原市,0.0,,,,,,
2112スパゲッティ（外食）,神戸市,12.0,748.0,790.0,42.0,4.12,45.35,0.56
2112スパゲッティ（外食）,福井市,12.0,893.0,920.0,27.0,2.1,23.08,0.55
2112スパゲッティ（外食）,福山市,0.0,,,,,,
2112スパゲッティ（外食）,福岡市,12.0,580.0,635.0,55.0,5.19,57.12,0.57
2112スパゲッティ（外食）,福島市,12.0,898.0,961.0,63.0,6.08,66.92,0.81
2112スパゲッティ（外食）,秋田市,12.0,977.0,1092.0,115.0,9.78,107.62,0.77
2112スパゲッティ（外食）,立川市,0.0,,,,,,
2112スパゲッティ（外食）,藤沢市,0.0,,,,,,
2112スパゲッティ（外食）,西宮市,0.0,,,,,,
2112スパゲッティ（外食）,豊橋市,0.0,,,,,,
2112スパゲッティ（外食）,那覇市,12.0,916.0,979.0,63.0,4.71,51.81,0.31
2112スパゲッティ（外食）,郡山市,0.0,,,,,,
2112スパゲッティ（外食）,金沢市,12.0,1070.0,1088.0,18.0,1.26,13.85,0.42
2112スパゲッティ（外食）,長岡市,0.0,,,,,,
2112スパゲッティ（外食）,長崎市,12.0,842.0,842.0,0.0,0.0,0.0,1.0
2112スパゲッティ（外食）,長野市,12.0,816.0,857.0,41.0,3.71,40.77,0.76
2112スパゲッティ（外食）,青森市,12.0,767.0,783.0,16.0,1.12,12.31,0.42
2112スパゲッティ（外食）,静岡市,12.0,926.0,1007.0,81.0,9.96,109.58,0.77
2112スパゲッティ（外食）,高松市,12.0,886.0,886.0,0.0,0.0,0.0,1.0
2112スパゲッティ（外食）,高知市,12.0,833.0,843.0,10.0,0.38,4.23,0.23
2112スパゲッティ（外食）,鳥取市,12.0,783.0,850.0,67.0,5.85,64.35,0.73
2112スパゲッティ（外食）,鹿児島市,12.0,590.0,590.0,0.0,0.0,0.0,1.0
2121_すし,さいたま市,12.0,1550.0,1700.0,150.0,18.36,201.92,0.73
2121_すし,京都市,12.0,1815.0,1890.0,75.0,13.08,143.85,0.22
2121_すし,今治市,0.0,,,,,,
2121_すし,仙台市,12.0,1300.0,1400.0,100.0,6.99,76.92,0.42
2121_すし,伊丹市,0.0,,,,,,
2121_すし,佐世保市,0.0,,,,,,
2121_すし,佐賀市,12.0,1625.0,1625.0,0.0,0.0,0.0,1.0
2121_すし,八戸市,0.0,,,,,,
2121_すし,八王子市,0.0,,,,,,
2121_すし,函館市,0.0,,,,,,
2121_すし,前橋市,12.0,1435.0,1425.0,-10.0,-0.94,-10.38,0.57
2121_すし,北九州市,0.0,,,,,,
2121_すし,千葉市,12.0,1418.0,1473.0,55.0,6.73,74.04,0.73
2121_すし,名古屋市,12.0,1500.0,1400.0,-100.0,-11.19,-123.08,0.67
2121_すし,和歌山市,12.0,1560.0,1870.0,310.0,29.62,325.77,0.93
2121_すし,堺市,0.0,,,,,,
2121_すし,大分市,12.0,1050.0,1050.0,0.0,0.0,0.0,1.0
2121_すし,大津市,12.0,1760.0,1760.0,0.0,0.0,0.0,1.0
2121_すし,大阪市,12.0,1344.0,1447.0,103.0,8.95,98.42,0.87
2121_すし,奈良市,12.0,1535.0,2145.0,610.0,71.14,782.5,0.83
2121_すし,姫路市,0.0,,,,,,
2121_すし,宇部市,0.0,,,,,,
2121_すし,宇都宮市,12.0,1540.0,1722.0,182.0,20.26,222.85,0.88
2121_すし,宮崎市,12.0,1225.0,1225.0,0.0,-2.1,-23.08,0.08
2121_すし,富士市,0.0,,,,,,
2121_すし,富山市,12.0,1760.0,2060.0,300.0,37.76,415.38,0.76
2121_すし,小山市,0.0,,,,,,
2121_すし,山口市,12.0,1600.0,1600.0,0.0,0.0,0.0,1.0
2121_すし,山形市,12.0,1760.0,1900.0,140.0,4.13,45.38,0.05
2121_すし,岐阜市,12.0,1350.0,1525.0,175.0,18.27,200.96,0.88
2121_すし,岡山市,12.0,1018.0,1018.0,0.0,0.0,0.0,1.0
2121_すし,川口市,0.0,,,,,,
2121_すし,川崎市,0.0,,,,,,
2121_すし,広島市,12.0,1320.0,1815.0,495.0,52.69,579.58,0.83
2121_すし,府中市,0.0,,,,,,
2121_すし,徳島市,12.0,1025.0,1075.0,50.0,6.29,69.23,0.76
2121_すし,所沢市,0.0,,,,,,
2121_すし,新潟市,12.0,1743.0,1595.0,-148.0,-19.6,-215.62,0.58
2121_すし,日立市,0.0,,,,,,
2121_すし,旭川市,0.0,,,,,,
2121_すし,札幌市,12.0,1550.0,1660.0,110.0,12.31,135.38,0.67
2121_すし,東京都区部,12.0,1703.0,1778.0,75.0,9.07,99.77,0.89
2121_すし,東大阪市,0.0,,,,,,
2121_すし,松山市,12.0,1355.0,1355.0,0.0,0.0,0.0,1.0
2121_すし,松本市,0.0,,,,,,
2121_すし,松江市,12.0,1510.0,1585.0,75.0,8.78,96.58,0.77
2121_すし,松阪市,0.0,,,,,,
2121_すし,枚方市,0.0,,,,,,
2121_すし,柏市,0.0,,,,,,
2121_すし,横浜市,12.0,1396.0,1500.0,104.0,7.1,78.15,0.71
2121_すし,水戸市,12.0,1350.0,1375.0,25.0,3.23,35.58,0.49
2121_すし,津市,12.0,1460.0,1460.0,0.0,0.0,0.0,1.0
2121_すし,浜松市,0.0,,,,,,
2121_すし,浦安市,0.0,,,,,,
2121_すし,熊本市,12.0,1403.0,1458.0,55.0,5.19,57.12,0.57
2121_すし,熊谷市,0.0,,,,,,
2121_すし,甲府市,12.0,1015.0,1070.0,55.0,6.45,70.96,0.24
2121_すし,盛岡市,12.0,1215.0,1290.0,75.0,2.88,31.73,0.23
2121_すし,相模原市,0.0,,,,,,
2121_すし,神戸市,12.0,1425.0,1525.0,100.0,3.85,42.31,0.11
2121_すし,福井市,12.0,2040.0,1830.0,-210.0,-25.7,-282.69,0.73
2121_すし,福山市,0.0,,,,,,
2121_すし,福岡市,12.0,1306.0,1392.0,86.0,9.97,109.69,0.41
2121_すし,福島市,12.0,1650.0,1450.0,-200.0,3.32,36.54,0.01
2121_すし,秋田市,12.0,1250.0,1300.0,50.0,1.92,21.15,0.23
2121_すし,立川市,0.0,,,,,,
2121_すし,藤沢市,0.0,,,,,,
2121_すし,西宮市,0.0,,,,,,
2121_すし,豊橋市,0.0,,,,,,
2121_すし,那覇市,12.0,2005.0,2005.0,0.0,0.0,0.0,1.0
2121_すし,郡山市,0.0,,,,,,
2121_すし,金沢市,12.0,1700.0,1800.0,100.0,8.22,90.38,0.56
2121_すし,長岡市,0.0,,,,,,
2121_すし,長崎市,12.0,1493.0,2100.0,607.0,63.55,699.0,0.69
2121_すし,長野市,12.0,1700.0,1260.0,-440.0,-30.77,-338.46,0.42
2121_すし,青森市,12.0,1643.0,1643.0,0.0,0.0,0.0,1.0
2121_すし,静岡市,12.0,1150.0,1205.0,55.0,2.12,23.27,0.23
2121_すし,高松市,12.0,1359.0,1359.0,0.0,0.0,0.0,1.0
2121_すし,高知市,12.0,1525.0,1672.0,147.0,10.28,113.08,0.42
2121_すし,鳥取市,12.0,1045.0,1045.0,0.0,0.0,0.0,1.0
2121_すし,鹿児島市,12.0,1760.0,1870.0,110.0,9.04,99.42,0.79
2123_すし,さいたま市,12.0,142.0,142.0,0.0,0.0,0.0,1.0
2123_すし,京都市,12.0,205.0,202.0,-3.0,-0.31,-3.46,0.59
2123_すし,今治市,0.0,,,,,,
2123_すし,仙台市,12.0,209.0,242.0,33.0,3.62,39.77,0.91
2123_すし,伊丹市,0.0,,,,,,
2123_すし,佐世保市,0.0,,,,,,
2123_すし,佐賀市,12.0,339.0,352.0,13.0,1.24,13.69,0.83
2123_すし,八戸市,0.0,,,,,,
2123_すし,八王子市,0.0,,,,,,
2123_すし,函館市,0.0,,,,,,
2123_すし,前橋市,12.0,115.0,115.0,0.0,0.12,1.35,0.09
2123_すし,北九州市,0.0,,,,,,
2123_すし,千葉市,12.0,120.0,120.0,0.0,0.24,2.69,0.09
2123_すし,名古屋市,12.0,275.0,286.0,11.0,1.35,14.81,0.73
2123_すし,和歌山市,12.0,110.0,110.0,0.0,0.0,0.0,1.0
2123_すし,堺市,0.0,,,,,,
2123_すし,大分市,12.0,115.0,115.0,0.0,0.12,1.35,0.09
2123_すし,大津市,12.0,115.0,115.0,0.0,0.0,0.0,1.0
2123_すし,大阪市,12.0,115.0,115.0,0.0,0.0,0.0,1.0
2123_すし,奈良市,12.0,115.0,115.0,0.0,0.0,0.0,1.0
2123_すし,姫路市,0.0,,,,,,
2123_すし,宇部市,0.0,,,,,,
2123_すし,宇都宮市,12.0,272.0,283.0,11.0,1.04,11.42,0.57
2123_すし,宮崎市,12.0,214.0,220.0,6.0,0.79,8.73,0.65
2123_すし,富士市,0.0,,,,,,
2123_すし,富山市,12.0,410.0,420.0,10.0,1.26,13.85,0.76
2123_すし,小山市,0.0,,,,,,
2123_すし,山口市,12.0,460.0,541.0,81.0,9.18,100.96,0.71
2123_すし,山形市,12.0,155.0,155.0,0.0,0.0,0.0,1.0
2123_すし,岐阜市,12.0,118.0,118.0,0.0,0.12,1.35,0.09
2123_すし,岡山市,12.0,200.0,205.0,5.0,0.47,5.19,0.57
2123_すし,川口市,0.0,,,,,,
2123_すし,川崎市,0.0,,,,,,
2123_すし,広島市,12.0,278.0,425.0,147.0,16.36,179.96,0.68
2123_すし,府中市,0.0,,,,,,
2123_すし,徳島市,12.0,120.0,120.0,0.0,0.24,2.69,0.09
2123_すし,所沢市,0.0,,,,,,
2123_すし,新潟市,12.0,187.0,198.0,11.0,1.38,15.23,0.76
2123_すし,日立市,0.0,,,,,,
2123_すし,旭川市,0.0,,,,,,
2123_すし,札幌市,12.0,269.0,281.0,12.0,1.34,14.77,0.67
2123_すし,東京都区部,12.0,197.0,229.0,32.0,2.76,30.31,0.78
2123_すし,東大阪市,0.0,,,,,,
2123_すし,松山市,12.0,118.0,118.0,0.0,0.12,1.35,0.09
2123_すし,松本市,0.0,,,,,,
2123_すし,松江市,12.0,299.0,310.0,11.0,1.23,13.54,0.67
2123_すし,松阪市,0.0,,,,,,
2123_すし,枚方市,0.0,,,,,,
2123_すし,柏市,0.0,,,,,,
2123_すし,横浜市,12.0,295.0,356.0,61.0,1.64,18.04,0.03
2123_すし,水戸市,12.0,131.0,131.0,0.0,0.0,0.0,1.0
2123_すし,津市,12.0,253.0,253.0,0.0,0.12,1.35,0.09
2123_すし,浜松市,0.0,,,,,,
2123_すし,浦安市,0.0,,,,,,
2123_すし,熊本市,12.0,118.0,118.0,0.0,0.12,1.35,0.09
2123_すし,熊谷市,0.0,,,,,,
2123_すし,甲府市,12.0,184.0,184.0,0.0,0.0,0.0,1.0
2123_すし,盛岡市,12.0,115.0,115.0,0.0,0.12,1.35,0.09
2123_すし,相模原市,0.0,,,,,,
2123_すし,神戸市,12.0,120.0,120.0,0.0,0.12,1.35,0.09
2123_すし,福井市,12.0,269.0,275.0,6.0,0.46,5.08,0.03
2123_すし,福山市,0.0,,,,,,
2123_すし,福岡市,12.0,110.0,110.0,0.0,0.0,0.0,1.0
2123_すし,福島市,12.0,176.0,176.0,0.0,0.0,0.0,1.0
2123_すし,秋田市,12.0,248.0,248.0,0.0,0.0,0.0,1.0
2123_すし,立川市,0.0,,,,,,
2123_すし,藤沢市,0.0,,,,,,
2123_すし,西宮市,0.0,,,,,,
2123_すし,豊橋市,0.0,,,,,,
2123_すし,那覇市,12.0,115.0,115.0,0.0,0.12,1.35,0.09
2123_すし,郡山市,0.0,,,,,,
2123_すし,金沢市,12.0,118.0,118.0,0.0,0.12,1.35,0.09
2123_すし,長岡市,0.0,,,,,,
2123_すし,長崎市,12.0,154.0,165.0,11.0,1.04,11.42,0.57
2123_すし,長野市,12.0,118.0,118.0,0.0,0.12,1.35,0.09
2123_すし,青森市,12.0,399.0,414.0,15.0,1.59,17.5,0.86
2123_すし,静岡市,12.0,113.0,113.0,0.0,0.0,0.0,1.0
2123_すし,高松市,12.0,195.0,223.0,28.0,1.96,21.54,0.42
2123_すし,高知市,12.0,194.0,195.0,1.0,0.19,2.12,0.2
2123_すし,鳥取市,12.0,195.0,195.0,0.0,0.0,0.0,1.0
2123_すし,鹿児島市,12.0,237.0,264.0,27.0,1.89,20.77,0.42
2132天丼（外食）,さいたま市,12.0,1025.0,1050.0,25.0,3.06,33.65,0.73
2132天丼（外食）,京都市,12.0,1099.0,1283.0,184.0,20.02,220.19,0.92
2132天丼（外食）,今治市,0.0,,,,,,
2132天丼（外食）,仙台市,12.0,1150.0,1060.0,-90.0,-6.29,-69.23,0.35
2132天丼（外食）,伊丹市,0.0,,,,,,
2132天丼（外食）,佐世保市,0.0,,,,,,
2132天丼（外食）,佐賀市,12.0,886.0,1001.0,115.0,6.59,72.54,0.67
2132天丼（外食）,八戸市,0.0,,,,,,
2132天丼（外食）,八王子市,0.0,,,,,,
2132天丼（外食）,函館市,0.0,,,,,,
2132天丼（外食）,前橋市,12.0,1350.0,1367.0,17.0,1.6,17.65,0.57
2132天丼（外食）,北九州市,0.0,,,,,,
2132天丼（外食）,千葉市,12.0,858.0,873.0,15.0,1.05,11.54,0.42
2132天丼（外食）,名古屋市,12.0,1159.0,1205.0,46.0,5.44,59.85,0.75
2132天丼（外食）,和歌山市,12.0,1184.0,1210.0,26.0,2.06,22.69,0.58
2132天丼（外食）,堺市,0.0,,,,,,
2132天丼（外食）,大分市,12.0,1043.0,1060.0,17.0,1.78,19.54,0.76
2132天丼（外食）,大津市,12.0,1023.0,1060.0,37.0,1.42,15.65,0.23
2132天丼（外食）,大阪市,12.0,930.0,1023.0,93.0,3.7,40.69,0.28
2132天丼（外食）,奈良市,12.0,772.0,849.0,77.0,8.49,93.42,0.73
2132天丼（外食）,姫路市,0.0,,,,,,
2132天丼（外食）,宇部市,0.0,,,,,,
2132天丼（外食）,宇都宮市,12.0,1183.0,1310.0,127.0,13.04,143.42,0.68
2132天丼（外食）,宮崎市,12.0,813.0,863.0,50.0,5.64,62.08,0.79
2132天丼（外食）,富士市,0.0,,,,,,
2132天丼（外食）,富山市,12.0,1343.0,1383.0,40.0,2.88,31.69,0.69
2132天丼（外食）,小山市,0.0,,,,,,
2132天丼（外食）,山口市,12.0,1110.0,1237.0,127.0,13.98,153.77,0.89
2132天丼（外食）,山形市,12.0,1417.0,1433.0,16.0,1.51,16.62,0.57
2132天丼（外食）,岐阜市,12.0,910.0,933.0,23.0,2.64,29.0,0.74
2132天丼（外食）,岡山市,12.0,860.0,846.0,-14.0,-1.71,-18.85,0.07
2132天丼（外食）,川口市,0.0,,,,,,
2132天丼（外食）,川崎市,0.0,,,,,,
2132天丼（外食）,広島市,12.0,1093.0,1103.0,10.0,0.55,6.08,0.52
2132天丼（外食）,府中市,0.0,,,,,,
2132天丼（外食）,徳島市,12.0,817.0,877.0,60.0,3.69,40.54,0.74
2132天丼（外食）,所沢市,0.0,,,,,,
2132天丼（外食）,新潟市,12.0,1147.0,1239.0,92.0,8.69,95.54,0.57
2132天丼（外食）,日立市,0.0,,,,,,
2132天丼（外食）,旭川市,0.0,,,,,,
2132天丼（外食）,札幌市,12.0,973.0,1010.0,37.0,2.43,26.73,0.68
2132天丼（外食）,東京都区部,12.0,1275.0,1356.0,81.0,9.0,99.0,0.83
2132天丼（外食）,東大阪市,0.0,,,,,,
2132天丼（外食）,松山市,12.0,856.0,926.0,70.0,7.65,84.12,0.84
2132天丼（外食）,松本市,0.0,,,,,,
2132天丼（外食）,松江市,12.0,882.0,960.0,78.0,9.3,102.35,0.86
2132天丼（外食）,松阪市,0.0,,,,,,
2132天丼（外食）,枚方市,0.0,,,,,,
2132天丼（外食）,柏市,0.0,,,,,,
2132天丼（外食）,横浜市,12.0,1270.0,1285.0,15.0,2.63,28.92,0.56
2132天丼（外食）,水戸市,12.0,1267.0,1333.0,66.0,7.38,81.23,0.67
2132天丼（外食）,津市,12.0,1133.0,1210.0,77.0,7.43,81.73,0.84
2132天丼（外食）,浜松市,0.0,,,,,,
2132天丼（外食）,浦安市,0.0,,,,,,
2132天丼（外食）,熊本市,12.0,1063.0,1148.0,85.0,5.44,59.85,0.74
2132天丼（外食）,熊谷市,0.0,,,,,,
2132天丼（外食）,甲府市,12.0,1093.0,1093.0,0.0,0.0,0.0,1.0
2132天丼（外食）,盛岡市,12.0,943.0,927.0,-16.0,-7.66,-84.31,0.32
2132天丼（外食）,相模原市,0.0,,,,,,
2132天丼（外食）,神戸市,12.0,1022.0,1042.0,20.0,1.37,15.08,0.2
2132天丼（外食）,福井市,12.0,1093.0,1093.0,0.0,0.0,0.0,1.0
2132天丼（外食）,福山市,0.0,,,,,,
2132天丼（外食）,福岡市,12.0,1164.0,1133.0,-31.0,-3.26,-35.81,0.12
2132天丼（外食）,福島市,12.0,1227.0,1286.0,59.0,7.06,77.69,0.84
2132天丼（外食）,秋田市,12.0,1110.0,1110.0,0.0,0.0,0.0,1.0
2132天丼（外食）,立川市,0.0,,,,,,
2132天丼（外食）,藤沢市,0.0,,,,,,
2132天丼（外食）,西宮市,0.0,,,,,,
2132天丼（外食）,豊橋市,0.0,,,,,,
2132天丼（外食）,那覇市,12.0,1054.0,1098.0,44.0,4.98,54.77,0.82
2132天丼（外食）,郡山市,0.0,,,,,,
2132天丼（外食）,金沢市,12.0,960.0,1070.0,110.0,10.86,119.46,0.72
2132天丼（外食）,長岡市,0.0,,,,,,
2132天丼（外食）,長崎市,12.0,963.0,993.0,30.0,3.36,36.92,0.67
2132天丼（外食）,長野市,12.0,1007.0,863.0,-144.0,-18.59,-204.54,0.65
2132天丼（外食）,青森市,12.0,869.0,877.0,8.0,0.9,9.85,0.67
2132天丼（外食）,静岡市,12.0,877.0,927.0,50.0,5.67,62.38,0.79
2132天丼（外食）,高松市,12.0,1100.0,1155.0,55.0,3.85,42.31,0.42
2132天丼（外食）,高知市,12.0,890.0,890.0,0.0,0.0,0.0,1.0
2132天丼（外食）,鳥取市,12.0,1284.0,1318.0,34.0,3.21,35.31,0.57
2132天丼（外食）,鹿児島市,12.0,1043.0,1133.0,90.0,7.37,81.08,0.78
2133カレーライス（外食）,さいたま市,12.0,733.0,748.0,15.0,1.46,16.04,0.69
2133カレーライス（外食）,京都市,12.0,903.0,942.0,39.0,3.07,33.81,0.72
2133カレーライス（外食）,今治市,12.0,733.0,750.0,17.0,1.6,17.65,0.57
2133カレーライス（外食）,仙台市,12.0,715.0,750.0,35.0,2.77,30.42,0.74
2133カレーライス（外食）,伊丹市,12.0,650.0,673.0,23.0,2.45,26.92,0.79
2133カレーライス（外食）,佐世保市,12.0,845.0,797.0,-48.0,-1.31,-14.42,0.1
2133カレーライス（外食）,佐賀市,12.0,694.0,718.0,24.0,1.51,16.62,0.64
2133カレーライス（外食）,八戸市,12.0,623.0,650.0,27.0,1.89,20.77,0.42
2133カレーライス（外食）,八王子市,12.0,808.0,841.0,33.0,4.04,44.42,0.73
2133カレーライス（外食）,函館市,12.0,770.0,923.0,153.0,13.88,152.69,0.89
2133カレーライス（外食）,前橋市,12.0,783.0,783.0,0.0,0.0,0.0,1.0
2133カレーライス（外食）,北九州市,12.0,805.0,835.0,30.0,3.36,36.92,0.67
2133カレーライス（外食）,千葉市,12.0,816.0,900.0,84.0,8.7,95.65,0.9
2133カレーライス（外食）,名古屋市,12.0,765.0,767.0,2.0,1.01,11.15,0.24
2133カレーライス（外食）,和歌山市,12.0,790.0,843.0,53.0,5.0,55.04,0.8
2133カレーライス（外食）,堺市,12.0,723.0,733.0,10.0,0.94,10.38,0.57
2133カレーライス（外食）,大分市,12.0,656.0,687.0,31.0,2.95,32.5,0.78
2133カレーライス（外食）,大津市,12.0,763.0,790.0,27.0,1.33,14.65,0.43
2133カレーライス（外食）,大阪市,12.0,769.0,789.0,20.0,1.78,19.54,0.78
2133カレーライス（外食）,奈良市,12.0,842.0,920.0,78.0,8.66,95.27,0.89
2133カレーライス（外食）,姫路市,12.0,909.0,909.0,0.0,0.0,0.0,1.0
2133カレーライス（外食）,宇部市,12.0,665.0,682.0,17.0,2.09,23.0,0.67
2133カレーライス（外食）,宇都宮市,12.0,806.0,843.0,37.0,4.52,49.77,0.83
2133カレーライス（外食）,宮崎市,12.0,832.0,899.0,67.0,7.17,78.92,0.82
2133カレーライス（外食）,富士市,12.0,827.0,860.0,33.0,3.12,34.27,0.57
2133カレーライス（外食）,富山市,12.0,860.0,911.0,51.0,5.64,62.0,0.83
2133カレーライス（外食）,小山市,12.0,762.0,779.0,17.0,1.19,13.08,0.42
2133カレーライス（外食）,山口市,12.0,841.0,841.0,0.0,0.0,0.0,1.0
2133カレーライス（外食）,山形市,12.0,827.0,895.0,68.0,6.23,68.58,0.88
2133カレーライス（外食）,岐阜市,12.0,828.0,890.0,62.0,6.09,67.0,0.87
2133カレーライス（外食）,岡山市,12.0,783.0,817.0,34.0,4.16,45.77,0.73
2133カレーライス（外食）,川口市,12.0,710.0,743.0,33.0,3.56,39.19,0.77
2133カレーライス（外食）,川崎市,12.0,750.0,763.0,13.0,1.64,18.0,0.76
2133カレーライス（外食）,広島市,12.0,873.0,923.0,50.0,5.01,55.12,0.73
2133カレーライス（外食）,府中市,12.0,890.0,940.0,50.0,4.35,47.81,0.69
2133カレーライス（外食）,徳島市,12.0,905.0,958.0,53.0,5.63,61.96,0.69
2133カレーライス（外食）,所沢市,12.0,877.0,890.0,13.0,1.23,13.5,0.57
2133カレーライス（外食）,新潟市,12.0,825.0,832.0,7.0,0.49,5.38,0.42
2133カレーライス（外食）,日立市,12.0,643.0,693.0,50.0,5.76,63.38,0.75
2133カレーライス（外食）,旭川市,12.0,763.0,797.0,34.0,3.21,35.31,0.57
2133カレーライス（外食）,札幌市,12.0,732.0,884.0,152.0,13.36,146.92,0.86
2133カレーライス（外食）,東京都区部,12.0,875.0,879.0,4.0,0.6,6.62,0.19
2133カレーライス（外食）,東大阪市,12.0,754.0,787.0,33.0,3.69,40.62,0.67
2133カレーライス（外食）,松山市,12.0,650.0,683.0,33.0,2.16,23.81,0.54
2133カレーライス（外食）,松本市,12.0,770.0,837.0,67.0,6.33,69.58,0.76
2133カレーライス（外食）,松江市,12.0,835.0,835.0,0.0,0.0,0.0,1.0
2133カレーライス（外食）,松阪市,12.0,731.0,815.0,84.0,3.23,35.54,0.41
2133カレーライス（外食）,枚方市,12.0,709.0,709.0,0.0,0.0,0.0,1.0
2133カレーライス（外食）,柏市,12.0,730.0,740.0,10.0,0.94,10.38,0.57
2133カレーライス（外食）,横浜市,12.0,800.0,789.0,-11.0,-1.45,-16.0,0.59
2133カレーライス（外食）,水戸市,12.0,653.0,653.0,0.0,0.0,0.0,1.0
2133カレーライス（外食）,津市,12.0,773.0,784.0,11.0,1.04,11.42,0.57
2133カレーライス（外食）,浜松市,12.0,658.0,675.0,17.0,2.14,23.54,0.76
2133カレーライス（外食）,浦安市,12.0,917.0,950.0,33.0,4.04,44.42,0.73
2133カレーライス（外食）,熊本市,12.0,757.0,773.0,16.0,0.62,6.77,0.23
2133カレーライス（外食）,熊谷市,12.0,773.0,783.0,10.0,0.94,10.38,0.57
2133カレーライス（外食）,甲府市,12.0,750.0,767.0,17.0,1.56,17.15,0.38
2133カレーライス（外食）,盛岡市,12.0,733.0,700.0,-33.0,-3.3,-36.27,0.2
2133カレーライス（外食）,相模原市,12.0,708.0,783.0,75.0,11.89,130.81,0.52
2133カレーライス（外食）,神戸市,12.0,733.0,813.0,80.0,5.03,55.31,0.63
2133カレーライス（外食）,福井市,12.0,892.0,1016.0,124.0,10.81,118.92,0.92
2133カレーライス（外食）,福山市,12.0,677.0,743.0,66.0,7.25,79.73,0.81
2133カレーライス（外食）,福岡市,12.0,779.0,815.0,36.0,3.4,37.38,0.57
2133カレーライス（外食）,福島市,12.0,770.0,803.0,33.0,4.15,45.69,0.76
2133カレーライス（外食）,秋田市,12.0,770.0,807.0,37.0,2.59,28.46,0.42
2133カレーライス（外食）,立川市,12.0,782.0,782.0,0.0,0.0,0.0,1.0
2133カレーライス（外食）,藤沢市,12.0,767.0,837.0,70.0,6.35,69.85,0.71
2133カレーライス（外食）,西宮市,12.0,690.0,701.0,11.0,0.21,2.31,0.01
2133カレーライス（外食）,豊橋市,12.0,893.0,987.0,94.0,6.63,72.96,0.75
2133カレーライス（外食）,那覇市,12.0,663.0,677.0,14.0,1.32,14.54,0.57
2133カレーライス（外食）,郡山市,12.0,833.0,833.0,0.0,0.0,0.0,1.0
2133カレーライス（外食）,金沢市,12.0,713.0,793.0,80.0,2.78,30.62,0.19
2133カレーライス（外食）,長岡市,12.0,767.0,833.0,66.0,6.23,68.54,0.57
2133カレーライス（外食）,長崎市,12.0,760.0,807.0,47.0,5.26,57.85,0.67
2133カレーライス（外食）,長野市,12.0,938.0,1022.0,84.0,9.65,106.15,0.31
2133カレーライス（外食）,青森市,12.0,717.0,750.0,33.0,4.04,44.42,0.73
2133カレーライス（外食）,静岡市,12.0,927.0,1033.0,106.0,12.52,137.77,0.81
2133カレーライス（外食）,高松市,12.0,710.0,937.0,227.0,20.48,225.27,0.57
2133カレーライス（外食）,高知市,12.0,770.0,777.0,7.0,0.66,7.27,0.57
2133カレーライス（外食）,鳥取市,12.0,700.0,783.0,83.0,6.91,76.04,0.77
2133カレーライス（外食）,鹿児島市,12.0,1088.0,1106.0,18.0,0.69,7.62,0.23
2134ぎょうざ（外食）,さいたま市,12.0,325.0,325.0,0.0,0.0,0.0,1.0
2134ぎょうざ（外食）,京都市,12.0,358.0,358.0,0.0,-0.31,-3.46,0.05
2134ぎょうざ（外食）,今治市,0.0,,,,,,
2134ぎょうざ（外食）,仙台市,12.0,340.0,323.0,-17.0,-1.19,-13.08,0.42
2134ぎょうざ（外食）,伊丹市,0.0,,,,,,
2134ぎょうざ（外食）,佐世保市,0.0,,,,,,
2134ぎょうざ（外食）,佐賀市,12.0,343.0,357.0,14.0,1.54,16.96,0.84
2134ぎょうざ（外食）,八戸市,0.0,,,,,,
2134ぎょうざ（外食）,八王子市,0.0,,,,,,
2134ぎょうざ（外食）,函館市,0.0,,,,,,
2134ぎょうざ（外食）,前橋市,12.0,370.0,381.0,11.0,1.38,15.23,0.76
2134ぎょうざ（外食）,北九州市,0.0,,,,,,
2134ぎょうざ（外食）,千葉市,12.0,340.0,346.0,6.0,0.23,2.54,0.23
2134ぎょうざ（外食）,名古屋市,12.0,354.0,343.0,-11.0,-2.42,-26.58,0.25
2134ぎょうざ（外食）,和歌山市,12.0,360.0,380.0,20.0,1.4,15.38,0.66
2134ぎょうざ（外食）,堺市,0.0,,,,,,
2134ぎょうざ（外食）,大分市,12.0,433.0,433.0,0.0,0.0,0.0,1.0
2134ぎょうざ（外食）,大津市,12.0,363.0,394.0,31.0,3.06,33.65,0.85
2134ぎょうざ（外食）,大阪市,12.0,330.0,338.0,8.0,0.58,6.42,0.46
2134ぎょうざ（外食）,奈良市,12.0,379.0,394.0,15.0,1.05,11.54,0.42
2134ぎょうざ（外食）,姫路市,0.0,,,,,,
2134ぎょうざ（外食）,宇部市,0.0,,,,,,
2134ぎょうざ（外食）,宇都宮市,12.0,297.0,303.0,6.0,0.23,2.54,0.23
2134ぎょうざ（外食）,宮崎市,12.0,380.0,380.0,0.0,-0.07,-0.81,0.09
2134ぎょうざ（外食）,富士市,0.0,,,,,,
2134ぎょうざ（外食）,富山市,12.0,432.0,432.0,0.0,0.0,0.0,1.0
2134ぎょうざ（外食）,小山市,0.0,,,,,,
2134ぎょうざ（外食）,山口市,12.0,359.0,359.0,0.0,0.0,0.0,1.0
2134ぎょうざ（外食）,山形市,12.0,509.0,509.0,0.0,0.0,0.0,1.0
2134ぎょうざ（外食）,岐阜市,12.0,413.0,376.0,-37.0,-4.87,-53.62,0.6
2134ぎょうざ（外食）,岡山市,12.0,353.0,377.0,24.0,1.68,18.46,0.7
2134ぎょうざ（外食）,川口市,0.0,,,,,,
2134ぎょうざ（外食）,川崎市,0.0,,,,,,
2134ぎょうざ（外食）,広島市,12.0,465.0,387.0,-78.0,-7.19,-79.08,0.52
2134ぎょうざ（外食）,府中市,0.0,,,,,,
2134ぎょうざ（外食）,徳島市,12.0,400.0,407.0,7.0,2.7,29.73,0.27
2134ぎょうざ（外食）,所沢市,0.0,,,,,,
2134ぎょうざ（外食）,新潟市,12.0,483.0,500.0,17.0,1.19,13.08,0.42
2134ぎょうざ（外食）,日立市,0.0,,,,,,
2134ぎょうざ（外食）,旭川市,0.0,,,,,,
2134ぎょうざ（外食）,札幌市,12.0,435.0,443.0,8.0,0.56,6.15,0.42
2134ぎょうざ（外食）,東京都区部,12.0,383.0,384.0,1.0,0.06,0.69,0.34
2134ぎょうざ（外食）,東大阪市,0.0,,,,,,
2134ぎょうざ（外食）,松山市,12.0,463.0,477.0,14.0,1.79,19.65,0.61
2134ぎょうざ（外食）,松本市,0.0,,,,,,
2134ぎょうざ（外食）,松江市,12.0,313.0,347.0,34.0,2.38,26.15,0.7
2134ぎょうざ（外食）,松阪市,0.0,,,,,,
2134ぎょうざ（外食）,枚方市,0.0,,,,,,
2134ぎょうざ（外食）,柏市,0.0,,,,,,
2134ぎょうざ（外食）,横浜市,12.0,472.0,485.0,13.0,1.17,12.88,0.77
2134ぎょうざ（外食）,水戸市,12.0,370.0,360.0,-10.0,-0.94,-10.38,0.22
2134ぎょうざ（外食）,津市,12.0,424.0,409.0,-15.0,-0.1,-1.15,0.0
2134ぎょうざ（外食）,浜松市,0.0,,,,,,
2134ぎょうざ（外食）,浦安市,0.0,,,,,,
2134ぎょうざ（外食）,熊本市,12.0,483.0,500.0,17.0,0.97,10.65,0.06
2134ぎょうざ（外食）,熊谷市,0.0,,,,,,
2134ぎょうざ（外食）,甲府市,12.0,467.0,467.0,0.0,0.0,0.0,1.0
2134ぎょうざ（外食）,盛岡市,12.0,410.0,410.0,0.0,0.0,0.0,1.0
2134ぎょうざ（外食）,相模原市,0.0,,,,,,
2134ぎょうざ（外食）,神戸市,12.0,357.0,387.0,30.0,3.31,36.46,0.91
2134ぎょうざ（外食）,福井市,12.0,326.0,329.0,3.0,0.12,1.27,0.23
2134ぎょうざ（外食）,福山市,0.0,,,,,,
2134ぎょうざ（外食）,福岡市,12.0,381.0,382.0,1.0,1.15,12.62,0.23
2134ぎょうざ（外食）,福島市,12.0,330.0,360.0,30.0,3.72,40.88,0.8
2134ぎょうざ（外食）,秋田市,12.0,420.0,427.0,7.0,0.78,8.62,0.67
2134ぎょうざ（外食）,立川市,0.0,,,,,,
2134ぎょうざ（外食）,藤沢市,0.0,,,,,,
2134ぎょうざ（外食）,西宮市,0.0,,,,,,
2134ぎょうざ（外食）,豊橋市,0.0,,,,,,
2134ぎょうざ（外食）,那覇市,12.0,403.0,427.0,24.0,2.52,27.69,0.76
2134ぎょうざ（外食）,郡山市,0.0,,,,,,
2134ぎょうざ（外食）,金沢市,12.0,443.0,447.0,4.0,-0.74,-8.15,0.17
2134ぎょうざ（外食）,長岡市,0.0,,,,,,
2134ぎょうざ（外食）,長崎市,12.0,583.0,583.0,0.0,0.0,0.0,1.0
2134ぎょうざ（外食）,長野市,12.0,457.0,483.0,26.0,1.82,20.0,0.42
2134ぎょうざ（外食）,青森市,12.0,440.0,427.0,-13.0,-1.64,-18.0,0.76
2134ぎょうざ（外食）,静岡市,12.0,444.0,471.0,27.0,2.9,31.85,0.51
2134ぎょうざ（外食）,高松市,12.0,412.0,423.0,11.0,1.04,11.42,0.57
2134ぎょうざ（外食）,高知市,12.0,371.0,431.0,60.0,5.66,62.31,0.57
2134ぎょうざ（外食）,鳥取市,12.0,323.0,413.0,90.0,4.12,45.35,0.54
2134ぎょうざ（外食）,鹿児島市,12.0,300.0,300.0,0.0,0.0,0.0,1.0
